Question,Answer,Reference,FilePath,DocName,DocPage
할부 결제가 가능한 카드는 무엇인가요?,신용카드만 할부 결제를 이용할 수 있습니다. 체크카드와 직불카드는 할부 결제를 이용할 수 없습니다. (표에서 '할부결제 이용' 열을 참고),"['내에서는 신용카드를 계속 이용할 수 있는 결제방식 | 연5\\.5% \\~ 연18\\.9% |', '\\- 일시불 거래 연체시: 거래발생 시점의 최소 기간(2개월) 유이자 할부금리\\-무이자할부 거래 연체 시:거래 발생 시점의 동일한 할부 계약기간의 유이자 할부금리\\- 그외의 경우:정상이자율은 상법상 상사법정이율과 상호금융 가계자금대출금리\\*중높은 금리적용\\*한국은행에서 매월 발표하는 가장최근의 비은행 금융기관 가중평균대출금리(신규대출 기준)\n\n\n·카드 신청전 상품설명서와 약관을반드시 읽어 보시기바랍니다.\n\n\n·신용카드 발급이 부적정한경우(연체금보유, 신용점수 낮음등)카드발급이 제한될수\n===========================================\n\n\n있습니다.\n=====', '□ 신용카드 이용대금을 연체할 경우, 원리금에 연체이자율이 적용되고 금융거래가 제약되며 신용점수 등이 하락하는 불이익이 발생할 수있다는 점을 확인하셨습니까?\n\n\n① 예 ② 아니오\n\n\n□ 연회비 부과기간이 끝나기 이전에 카드를 중도해지하는 경우, 남은 기간에 해당하는 연회비를 일할계산하여 반환해 드리나, 카드발급 및부가서비스 제공에 이미 지출된 비용은 반환금액에서 제외된다는 점을 확인하셨습니까?\n\n\n① 예 ② 아니오\n=========', ""8\\. 연계 . 제휴서비스(부가서비스)\n\n\n□ 본 신용카드 상품의 연계·제휴서비스(부가서비스) 상세내용 및 제공조건은 '상품별 설명서'의 내용을 참고해주시기 바랍니다.\n\n\n9\\. 연체이자율 및 연체에 따른 불이익\n\n\n□ 카드 이용대금 연체시 회원별, 이용상품별 정상이자율 \\+ 3%의 연체이자율이 적용됩니다. (법정 최고금리 연 20% 이내로 적용)\n\n\n□ 다만, 연체 발생 시점에 정상이자율이 없는 경우 정상이자율은 아래와같이 적용합니다."", '· 단기 카드대출(현금서비스),장기 카드대출(카드론), 연회비, 연체료,제수수료, 이자, 무이자할부 이용금액, 공과금 납부액(국세,지방세,수도/전기요금 등), 도시가스 요금, 아파트 관리비, 국민연금, 건강보험, 고용보험,산재보험, 대학·대학원 등록금, 초·중·고교 학교 납입금, 상품권(선불카드 포함)구입 및 충전 금액, 범칙금, 벌금, 과태료, 매출취소 금액\n\n\n청구할인 제외 대상\n==========\n\n\n· 상품권(선불카드 포함)구입 및 충전 금액, 매출취소 금액, 무이자할부 이용금액\n\n\n기타', '청구할인 서비스\n========', 'Q1\\. 카드 뒷면에 서명을 꼭 해야 하나요?\n\n\n→ 회원은 발급된 카드를 받는 즉시 카드 뒷면에 서명을 하여야 합니다. 카드 뒷면에 서명을 하지 않고 분실하는 경우, 부정사용된 금액에대해 책임을 질 수 있습니다.\n\n\nQ2\\. 카드 중도해지 시 연회비는 어떻게 반환받나요?\n\n\n→\n\n\n연회비는 카드발급 시점을 기준으로 원칙적으로 1년 단위로 청구됩니다. 연회비 부과기간이 끝나기 이전에 카드를 중도해지 하는경우 남은 기간에 해당하는 연회비를 계산하여 10영업일(불가피한 경우 3개월) 이내에 반환하여 드립니다. 다만, 카드발급 및 부가서비스 제공에 이미 지출된 비용은 제외됩니다.\n\n\nQ3\\. 일부결제금액이월약정(리볼빙) 이용 시 주의사항이 있나요?', '편의점 10% 할인\n\n\n·\n\n\n\\+\n\n\n\\+\n\n\n대상 편의점 통합 1일 1회 할인 적용5천원 이상 결제 건에 한해 할인 적용오프라인 결제 건에 한하며, 백화점, 할인점, 쇼핑몰 등의임대매장은 제외\n\n\n이동통신 10% 할인\n\n\n\\+\n\n\n\\+ 서비스\n\n\n4\n\n\n월 1회 할인 적용대상카드로 자동납부하지 않은 이동통신요금 할인 적용 제외일부 알뜰폰/선불폰/ 결합상품(인터넷, TV,유선전화 등)요금 할인 적용 제외\n\n\n청구할인 서비스 제공 기준\n==============\n\n\n전월 이용금액 조건\n==========\n\n\n\\- 전월 이용금액 30만원 미만 시 청구할인 서비스 제공 제외', '| 구 분 | 신용카드 | 체크카드 | 직불카드 |\n| --- | --- | --- | --- |\n| 사용 가능가맹점 | 신용카드 가맹점 | 신용카드 가맹점 | 직불카드 가맹점 |\n| 발급기관 | 신용카드사 | 신용카드사 | 은행 |\n| 이용한도 | 신용한도 이내 | 예금잔액 이내 | 예금잔액 이내 |\n| 결제 | 선구매 후결제 | 구매 즉시 | 구매 즉시 |\n| 할부결제 이용 | 가능 | 불가능 | 불가능 |\n\n\n민원 · 상담이 빈번하여 숙지가 필요한 사항\n\n\nQ1\\. 카드 뒷면에 서명을 꼭 해야 하나요?', '·상환능력에 비해 신용카드 사용액이 과도할 경우, 귀하의 개인신용평점이 하락할수있습니다.\n\n\n· 개인신용평점 하락시 금융거래와 관련된 불이익이 발생할 수 있습니다.·일정기간납부대금을 연체할 경우,모든 납부대금을 변제할 의무가 발생할 수 있습니다.·연체이자율:회원별/이용상품별 정상이자율 \\+ 최대 3% (법정 최고금리(연 20%)이내)단, 연체 발생 시점에 정상이자율이 없는 경우는 아래와 같이 적용함']","['/workspace/rag-baseline/data-pdf-split/card/0_iM Social Worker카드/0001_0001.md', '/workspace/rag-baseline/data-pdf-split/card/0_iM Social Worker카드/0004_0004.md', '/workspace/rag-baseline/data-pdf-split/card/0_iM Social Worker카드/0003_0003.md', '/workspace/rag-baseline/data-pdf-split/card/0_iM Social Worker카드/0001_0001.md', '/workspace/rag-baseline/data-pdf-split/card/0_iM Social Worker카드/0005_0005.md', '/workspace/rag-baseline/data-pdf-split/card/0_iM Social Worker카드/0005_0005.md', '/workspace/rag-baseline/data-pdf-split/card/0_iM Social Worker카드/0000_0000.md', '/workspace/rag-baseline/data-pdf-split/card/0_iM Social Worker카드/0005_0005.md', '/workspace/rag-baseline/data-pdf-split/card/0_iM Social Worker카드/0000_0000.md', '/workspace/rag-baseline/data-pdf-split/card/0_iM Social Worker카드/0004_0004.md']","['0_iM Social Worker카드', '0_iM Social Worker카드', '0_iM Social Worker카드', '0_iM Social Worker카드', '0_iM Social Worker카드', '0_iM Social Worker카드', '0_iM Social Worker카드', '0_iM Social Worker카드', '0_iM Social Worker카드', '0_iM Social Worker카드']","[4, 1, 2, 4, 0, 0, 5, 0, 5, 1]"
신용카드의 특성은?,"신용카드는 회원의 신용을 담보로 하여 가맹점에서 상품을 현금 지불 없이 구입할 수 있는 증표입니다. 회원은 발급 신청을 하여 발급받아야 하며, 유효기간은 최대 5년입니다. 유효기간 종료 시에는 회원의 신용 상태를 평가하여 갱신 발급 여부를 결정합니다. 

또한, 신용카드는 본인의 신용 한도 내에서 사용할 수 있는 상품으로, 체크카드나 직불카드와는 달리 가맹점에서만 사용 가능합니다. 

신용카드 이용 대금 연체 시에는 원금에 연체이자율이 적용되며, 이는 회원의 신용 점수 하락으로 이어질 수 있습니다. 연체 시 금융 거래도 제약될 수 있으니 주의가 필요합니다.

또한, 연회비는 발급 시점을 기준으로 1년 단위로 부과되며, 중도해지 시 남은 기간에 해당하는 연회비를 반환받을 수 있습니다. 다만, 이미 사용한 비용은 제외됩니다.

마지막으로","['내에서는 신용카드를 계속 이용할 수 있는 결제방식 | 연5\\.5% \\~ 연18\\.9% |', '1\\. 신용카드의 특성\n\n\n□ 신용카드는 회원의 신용을 담보로 신용카드 가맹점에서 상품 등을현금의 즉시 지불 없이 구입할 수 있는 증표입니다. 반드시 회원이 발급을신청해야 신용카드가 발행됩니다.\n\n\n□ 신용카드의 유효기간은 최대 5년이며, 카드 표면에 표시됩니다. 유효기간이 도래한 신용카드에 대해서는 회원에 대한 심사를 거쳐 갱신발급요건을 충족하는 회원에 대해 신용카드를 갱신발급하며, 요건을 충족하지 못한 경우 갱신발급이 제한될 수 있습니다.\n\n\n4 0 1 9 1 3 1\n관리번호 : 7031\\_210x297mm\\_인쇄일자: 2024\\. 6\niM 뱅크', '\\- 고객님께서는 상품 가입 전 아래 사항을 반드시 확인 · 숙지하여 주시기 바랍니다 \\-\n\n\n■ 유사 금융상품과 구별되는 특징。 신용카드는 신용을 담보로 이를 소지한 회원이 신용카드 가맹점에서 상품 등을 현금의 즉시 지불없이 구입할 수 있는 금융상품입니다.반드시 회원이 발급을 신청하여야 신용카드가 발행됩니다.O 신용카드는 본인의 신용한도 이내에서 이용할 수 있는 상품으로 구매 즉시 결제가 이루어지는 체크카드 및 직불카드와는 사용 가능가맹점등에서 차이가 있습니다.', '□ 신용카드 이용대금을 연체할 경우, 원리금에 연체이자율이 적용되고 금융거래가 제약되며 신용점수 등이 하락하는 불이익이 발생할 수있다는 점을 확인하셨습니까?\n\n\n① 예 ② 아니오\n\n\n□ 연회비 부과기간이 끝나기 이전에 카드를 중도해지하는 경우, 남은 기간에 해당하는 연회비를 일할계산하여 반환해 드리나, 카드발급 및부가서비스 제공에 이미 지출된 비용은 반환금액에서 제외된다는 점을 확인하셨습니까?\n\n\n① 예 ② 아니오\n=========', '\\- 일시불 거래 연체시: 거래발생 시점의 최소 기간(2개월) 유이자 할부금리\\-무이자할부 거래 연체 시:거래 발생 시점의 동일한 할부 계약기간의 유이자 할부금리\\- 그외의 경우:정상이자율은 상법상 상사법정이율과 상호금융 가계자금대출금리\\*중높은 금리적용\\*한국은행에서 매월 발표하는 가장최근의 비은행 금융기관 가중평균대출금리(신규대출 기준)\n\n\n·카드 신청전 상품설명서와 약관을반드시 읽어 보시기바랍니다.\n\n\n·신용카드 발급이 부적정한경우(연체금보유, 신용점수 낮음등)카드발급이 제한될수\n===========================================\n\n\n있습니다.\n=====', ""8\\. 연계 . 제휴서비스(부가서비스)\n\n\n□ 본 신용카드 상품의 연계·제휴서비스(부가서비스) 상세내용 및 제공조건은 '상품별 설명서'의 내용을 참고해주시기 바랍니다.\n\n\n9\\. 연체이자율 및 연체에 따른 불이익\n\n\n□ 카드 이용대금 연체시 회원별, 이용상품별 정상이자율 \\+ 3%의 연체이자율이 적용됩니다. (법정 최고금리 연 20% 이내로 적용)\n\n\n□ 다만, 연체 발생 시점에 정상이자율이 없는 경우 정상이자율은 아래와같이 적용합니다."", '·상환능력에 비해 신용카드 사용액이 과도할 경우, 귀하의 개인신용평점이 하락할수있습니다.\n\n\n· 개인신용평점 하락시 금융거래와 관련된 불이익이 발생할 수 있습니다.·일정기간납부대금을 연체할 경우,모든 납부대금을 변제할 의무가 발생할 수 있습니다.·연체이자율:회원별/이용상품별 정상이자율 \\+ 최대 3% (법정 최고금리(연 20%)이내)단, 연체 발생 시점에 정상이자율이 없는 경우는 아래와 같이 적용함', '6\\. 신용카드 이용의 제한\n\n\n□ 카드사는 회원 및 가맹점의 신용도, 법령 규정, 감독기관의 지시 등을고려하여 회원의 특정가맹점(국내 및 해외가맹점 포함)에 대한 카드이용또는 이용한도를 제한할 수 있습니다.\n\n\n\\- 이용제한 가맹점1\\. 카지노2\\. 경마, 경정, 경륜장3\\. 복권방, 해외가상화폐거래소 등\n\n\n7\\. 신용점수에 미치는 영향', '신용카드 이용대금 연체 시 발생하는 불이익Q. 신용카드 이용대금을 연체할 경우 어떤 불이익이 발생하나요?\n\n\n신용카드 이용대금 연체 시에는 법에서 정하는 범위 내에서 원리금에 연체이자율이 적용되며, 금융거래가 제약되고 신용점수 등이하락할 수 있으니 유의하여 주시기 바랍니다.\n\n\n민원을 제기하거나 상담을 요청하려는 경우 이용 가능한 연락처Q. 신용카드와 관련하여 궁금한 점이나 민원사항이 있는 경우 어디로 연락해야 하나요?\n\n\n→ 당행고객센터 또는 카드사업부(1566\\-5050\\)를 통해 금융상품에 관한 문의가 가능하며, 분쟁 발생시에는 감독원(국번없이 1332\\)에도움을 요청하실 수 있습니다.\n\n\n1\\. 신용카드의 특성', 'Q1\\. 카드 뒷면에 서명을 꼭 해야 하나요?\n\n\n→ 회원은 발급된 카드를 받는 즉시 카드 뒷면에 서명을 하여야 합니다. 카드 뒷면에 서명을 하지 않고 분실하는 경우, 부정사용된 금액에대해 책임을 질 수 있습니다.\n\n\nQ2\\. 카드 중도해지 시 연회비는 어떻게 반환받나요?\n\n\n→\n\n\n연회비는 카드발급 시점을 기준으로 원칙적으로 1년 단위로 청구됩니다. 연회비 부과기간이 끝나기 이전에 카드를 중도해지 하는경우 남은 기간에 해당하는 연회비를 계산하여 10영업일(불가피한 경우 3개월) 이내에 반환하여 드립니다. 다만, 카드발급 및 부가서비스 제공에 이미 지출된 비용은 제외됩니다.\n\n\nQ3\\. 일부결제금액이월약정(리볼빙) 이용 시 주의사항이 있나요?']","['/workspace/rag-baseline/data-pdf-split/card/0_iM Social Worker카드/0001_0001.md', '/workspace/rag-baseline/data-pdf-split/card/0_iM Social Worker카드/0000_0000.md', '/workspace/rag-baseline/data-pdf-split/card/0_iM Social Worker카드/0000_0000.md', '/workspace/rag-baseline/data-pdf-split/card/0_iM Social Worker카드/0003_0003.md', '/workspace/rag-baseline/data-pdf-split/card/0_iM Social Worker카드/0004_0004.md', '/workspace/rag-baseline/data-pdf-split/card/0_iM Social Worker카드/0001_0001.md', '/workspace/rag-baseline/data-pdf-split/card/0_iM Social Worker카드/0004_0004.md', '/workspace/rag-baseline/data-pdf-split/card/0_iM Social Worker카드/0001_0001.md', '/workspace/rag-baseline/data-pdf-split/card/0_iM Social Worker카드/0000_0000.md', '/workspace/rag-baseline/data-pdf-split/card/0_iM Social Worker카드/0000_0000.md']","['0_iM Social Worker카드', '0_iM Social Worker카드', '0_iM Social Worker카드', '0_iM Social Worker카드', '0_iM Social Worker카드', '0_iM Social Worker카드', '0_iM Social Worker카드', '0_iM Social Worker카드', '0_iM Social Worker카드', '0_iM Social Worker카드']","[4, 5, 5, 2, 1, 4, 1, 4, 5, 5]"
신용카드 이용이 제한되는 가맹점을 알려주세요.,"신용카드 이용이 제한되는 가맹점으로는 카지노, 경마, 경정, 경륜장, 복권방, 해외 가상화폐 거래소 등이 있습니다. (문단 6)","['6\\. 신용카드 이용의 제한\n\n\n□ 카드사는 회원 및 가맹점의 신용도, 법령 규정, 감독기관의 지시 등을고려하여 회원의 특정가맹점(국내 및 해외가맹점 포함)에 대한 카드이용또는 이용한도를 제한할 수 있습니다.\n\n\n\\- 이용제한 가맹점1\\. 카지노2\\. 경마, 경정, 경륜장3\\. 복권방, 해외가상화폐거래소 등\n\n\n7\\. 신용점수에 미치는 영향', '내에서는 신용카드를 계속 이용할 수 있는 결제방식 | 연5\\.5% \\~ 연18\\.9% |', '□ 신용카드 이용대금을 연체할 경우, 원리금에 연체이자율이 적용되고 금융거래가 제약되며 신용점수 등이 하락하는 불이익이 발생할 수있다는 점을 확인하셨습니까?\n\n\n① 예 ② 아니오\n\n\n□ 연회비 부과기간이 끝나기 이전에 카드를 중도해지하는 경우, 남은 기간에 해당하는 연회비를 일할계산하여 반환해 드리나, 카드발급 및부가서비스 제공에 이미 지출된 비용은 반환금액에서 제외된다는 점을 확인하셨습니까?\n\n\n① 예 ② 아니오\n=========', ""8\\. 연계 . 제휴서비스(부가서비스)\n\n\n□ 본 신용카드 상품의 연계·제휴서비스(부가서비스) 상세내용 및 제공조건은 '상품별 설명서'의 내용을 참고해주시기 바랍니다.\n\n\n9\\. 연체이자율 및 연체에 따른 불이익\n\n\n□ 카드 이용대금 연체시 회원별, 이용상품별 정상이자율 \\+ 3%의 연체이자율이 적용됩니다. (법정 최고금리 연 20% 이내로 적용)\n\n\n□ 다만, 연체 발생 시점에 정상이자율이 없는 경우 정상이자율은 아래와같이 적용합니다."", '\\- 일시불 거래 연체시: 거래발생 시점의 최소 기간(2개월) 유이자 할부금리\\-무이자할부 거래 연체 시:거래 발생 시점의 동일한 할부 계약기간의 유이자 할부금리\\- 그외의 경우:정상이자율은 상법상 상사법정이율과 상호금융 가계자금대출금리\\*중높은 금리적용\\*한국은행에서 매월 발표하는 가장최근의 비은행 금융기관 가중평균대출금리(신규대출 기준)\n\n\n·카드 신청전 상품설명서와 약관을반드시 읽어 보시기바랍니다.\n\n\n·신용카드 발급이 부적정한경우(연체금보유, 신용점수 낮음등)카드발급이 제한될수\n===========================================\n\n\n있습니다.\n=====', '청구할인 서비스\n========', '□ 연회비 반환기한 회원이 계약을 해지한 날부터 10영업일 이내에 연회비반환금액을 반환하여 드립니다. 다만, 부가서비스 제공내역 확인에시간이 소요되는 등 불가피한 사유로 계약을 해지한 날부터 10영업일이내에 연회비 반환금액을 반환하기 어려운 경우에는 계약을 해지한날부터 3개월 이내에 반환하여 드립니다.\n\n\n5\\. 계약 해지 시 불이익\n\n\n□ 회원이 유효기간이 도래하기 전에 카드를 해지하는 경우 이미 납부한연회비를 계약을 해지한 날부터 일할 계산(하루 단위로 계산)하여 그금액을 차감하여 반환하며, 카드사는 카드이용계약이 해지된 경우 그날까지의 채무 전액 변제를 요구할 수 있습니다.\n\n\n6\\. 신용카드 이용의 제한', '\\- 고객님께서는 상품 가입 전 아래 사항을 반드시 확인 · 숙지하여 주시기 바랍니다 \\-\n\n\n■ 유사 금융상품과 구별되는 특징。 신용카드는 신용을 담보로 이를 소지한 회원이 신용카드 가맹점에서 상품 등을 현금의 즉시 지불없이 구입할 수 있는 금융상품입니다.반드시 회원이 발급을 신청하여야 신용카드가 발행됩니다.O 신용카드는 본인의 신용한도 이내에서 이용할 수 있는 상품으로 구매 즉시 결제가 이루어지는 체크카드 및 직불카드와는 사용 가능가맹점등에서 차이가 있습니다.', '| 구 분 | 신용카드 | 체크카드 | 직불카드 |\n| --- | --- | --- | --- |\n| 사용 가능가맹점 | 신용카드 가맹점 | 신용카드 가맹점 | 직불카드 가맹점 |\n| 발급기관 | 신용카드사 | 신용카드사 | 은행 |\n| 이용한도 | 신용한도 이내 | 예금잔액 이내 | 예금잔액 이내 |\n| 결제 | 선구매 후결제 | 구매 즉시 | 구매 즉시 |\n| 할부결제 이용 | 가능 | 불가능 | 불가능 |\n\n\n민원 · 상담이 빈번하여 숙지가 필요한 사항\n\n\nQ1\\. 카드 뒷면에 서명을 꼭 해야 하나요?', '편의점 10% 할인\n\n\n·\n\n\n\\+\n\n\n\\+\n\n\n대상 편의점 통합 1일 1회 할인 적용5천원 이상 결제 건에 한해 할인 적용오프라인 결제 건에 한하며, 백화점, 할인점, 쇼핑몰 등의임대매장은 제외\n\n\n이동통신 10% 할인\n\n\n\\+\n\n\n\\+ 서비스\n\n\n4\n\n\n월 1회 할인 적용대상카드로 자동납부하지 않은 이동통신요금 할인 적용 제외일부 알뜰폰/선불폰/ 결합상품(인터넷, TV,유선전화 등)요금 할인 적용 제외\n\n\n청구할인 서비스 제공 기준\n==============\n\n\n전월 이용금액 조건\n==========\n\n\n\\- 전월 이용금액 30만원 미만 시 청구할인 서비스 제공 제외']","['/workspace/rag-baseline/data-pdf-split/card/0_iM Social Worker카드/0001_0001.md', '/workspace/rag-baseline/data-pdf-split/card/0_iM Social Worker카드/0001_0001.md', '/workspace/rag-baseline/data-pdf-split/card/0_iM Social Worker카드/0003_0003.md', '/workspace/rag-baseline/data-pdf-split/card/0_iM Social Worker카드/0001_0001.md', '/workspace/rag-baseline/data-pdf-split/card/0_iM Social Worker카드/0004_0004.md', '/workspace/rag-baseline/data-pdf-split/card/0_iM Social Worker카드/0005_0005.md', '/workspace/rag-baseline/data-pdf-split/card/0_iM Social Worker카드/0001_0001.md', '/workspace/rag-baseline/data-pdf-split/card/0_iM Social Worker카드/0000_0000.md', '/workspace/rag-baseline/data-pdf-split/card/0_iM Social Worker카드/0000_0000.md', '/workspace/rag-baseline/data-pdf-split/card/0_iM Social Worker카드/0005_0005.md']","['0_iM Social Worker카드', '0_iM Social Worker카드', '0_iM Social Worker카드', '0_iM Social Worker카드', '0_iM Social Worker카드', '0_iM Social Worker카드', '0_iM Social Worker카드', '0_iM Social Worker카드', '0_iM Social Worker카드', '0_iM Social Worker카드']","[4, 4, 2, 4, 1, 0, 4, 5, 5, 0]"
해외 서비스의 수수료율은 어떻게 되나요?,"해외 서비스의 수수료율은 0.25%입니다. 이는 거래금액에 0.25%를 곱한 후 전신환매도율을 곱하여 계산됩니다. 

구체적으로는 다음과 같이 계산됩니다:
해외 서비스 수수료 = (거래금액 x 0.25%) x 전신환매도율

예를 들어, 100달러의 거래를 할 때 전신환매도율이 1.2라고 가정하면,
해외 서비스 수수료 = (100 x 0.25%) x 1.2 = $0.06 (6센트) 

이는 국제 브랜드 수수료(1%)와 더해져 최종 해외 거래 시 부과되는 수수료가 됩니다. 
국제 브랜드 수수료는 거래금액에 1%를 곱한 후 전신환매도율을 곱하여 계산합니다. 
따라서 총 해외 거래 수수료는 다음과 같이 계산됩니다:
총 수수료 = (거래금액 x 0.25%) x 전신환매도율 + (거래금액 x 1%) x 전신환매도","['□ 금리의 변동 여부\n\n\n○ 회원이 할부결제, 단기카드대출(현금서비스) 및 일부결제금액이월약정(리볼빙) 이용 시 이용개월, 이용실적 및 신용도 등에 따라 금리는변동 가능합니다.\n\n\n3\\. 수수료율\n========\n\n\n□ 해외서비스 수수료 : 신용카드 해외 이용 시(해외 사이트 거래 포함)부과하는 수수료\n\n\n○ 수수료율 : 0\\.25%\n\n\n\\- (거래금액 x 해외서비스 수수료율) x 전신환매도율\n\n\n□ 국제브랜드 수수료 : 마스터/비자 등 국제카드 브랜드사가 카드사에부과하는 수수료\n\n\n○ 수수료율 : MASTER 1\\.0%, VISA 1\\.1%, AME 1\\.4%\\- (거래금액 x 국제브랜드사 이용수수료율) x 전신환매도율', ': (거래미화금액X해외서비스수수료율(0\\.25%))X 전신환매도율· 국제브랜드 수수료는 국제브랜드사 정책에 따라 변경될 수 있습니다.· 해외 가맹점에서 원화로 거래 시(DCC) 추가 수수료가 부과될 수 있으므로현지 통화 또는 미화로 거래하시기 바랍니다.해외원화결제(DCC)차단서비스 신청 방법BC카드사 홈페이지 → 카드서비스 → 결제/안심 → 해외원화결제(DCC)차단', '청구할인 서비스\n========', '내에서는 신용카드를 계속 이용할 수 있는 결제방식 | 연5\\.5% \\~ 연18\\.9% |', ""해외 이용 시(해외사이트 거래 포함) 미화(USD)기준 거래미화금액에접수일의 BC카드 대외결제은행의 최초 고시 전신환매도율을 적용한 후,국제브랜드사가 부과하는 국제브랜드수수료(Mastercard 1%)와아이엠뱅크가 부과하는 해외서비스 수수료(0\\.25%)를 포함하여 원화로청구 됩니다.· 해외 이용 시 청구금액 산출 방법\\*해외 이용시 청구금액 \\= (거래미화금액 X 전신환매도율')\\+국제브랜드수수료2 \\+ 해외서비스수수료31\\. 전신환매도율 : 접수일의 BC카드 대외결제은행 최초 고시 전신환매도율2\\. 국제브랜드수수료 : (거래미화금액/국제브랜드수수료율(Mastercard) 1%))X 전신환매도율3\\. 해외서비스수수료 : (거래미화금액X해외서비스수수료율(0\\.25%))X"", ""8\\. 연계 . 제휴서비스(부가서비스)\n\n\n□ 본 신용카드 상품의 연계·제휴서비스(부가서비스) 상세내용 및 제공조건은 '상품별 설명서'의 내용을 참고해주시기 바랍니다.\n\n\n9\\. 연체이자율 및 연체에 따른 불이익\n\n\n□ 카드 이용대금 연체시 회원별, 이용상품별 정상이자율 \\+ 3%의 연체이자율이 적용됩니다. (법정 최고금리 연 20% 이내로 적용)\n\n\n□ 다만, 연체 발생 시점에 정상이자율이 없는 경우 정상이자율은 아래와같이 적용합니다."", '\\- 일시불 거래 연체시: 거래발생 시점의 최소 기간(2개월) 유이자 할부금리\\-무이자할부 거래 연체 시:거래 발생 시점의 동일한 할부 계약기간의 유이자 할부금리\\- 그외의 경우:정상이자율은 상법상 상사법정이율과 상호금융 가계자금대출금리\\*중높은 금리적용\\*한국은행에서 매월 발표하는 가장최근의 비은행 금융기관 가중평균대출금리(신규대출 기준)\n\n\n·카드 신청전 상품설명서와 약관을반드시 읽어 보시기바랍니다.\n\n\n·신용카드 발급이 부적정한경우(연체금보유, 신용점수 낮음등)카드발급이 제한될수\n===========================================\n\n\n있습니다.\n=====', '편의점 10% 할인\n\n\n·\n\n\n\\+\n\n\n\\+\n\n\n대상 편의점 통합 1일 1회 할인 적용5천원 이상 결제 건에 한해 할인 적용오프라인 결제 건에 한하며, 백화점, 할인점, 쇼핑몰 등의임대매장은 제외\n\n\n이동통신 10% 할인\n\n\n\\+\n\n\n\\+ 서비스\n\n\n4\n\n\n월 1회 할인 적용대상카드로 자동납부하지 않은 이동통신요금 할인 적용 제외일부 알뜰폰/선불폰/ 결합상품(인터넷, TV,유선전화 등)요금 할인 적용 제외\n\n\n청구할인 서비스 제공 기준\n==============\n\n\n전월 이용금액 조건\n==========\n\n\n\\- 전월 이용금액 30만원 미만 시 청구할인 서비스 제공 제외', '※ 국내전용과 국내외겸용 연회비 동일\n\n\n· 카드 연회비는 보유 카드별로 매년 청구 되며 본인 및 가족 회원 각각 적용됩니다.F 회원이 유효 기간이 도래하기 전에 카드를 해지하는 경우,연회비 반환 금액은해지한 날부터 일할 계산하여 산정합니다. 단, 카드의 발행, 배송 등 카드 발급에소요된 비용(신규 가입 연도에 해당)은 반환 금액에서 제외되며, 제휴 연회비가있는 경우에는 카드 이용 시 제공되는 추가적인 혜택 등 부가 서비스 제공에소요된 비용이 추가적으로 반환 금액에서 제외됩니다.· 연회비 반환은 계약을 해지한 날부터 10영업일 이내 반환하여 드립니다.단, 부가 서비스 제공내역 확인에 시간이 소요되는 등의 불 가피한 사유 시에는계약해지날부터 3개월 이내 반환할 수 있습니다.', '4\\. 연회비 및 연회비 반환\n================\n\n\n□ 연회비 : 연회비는 카드사가 신용카드 발급, 이용대금명세서 발송 등관리비용을 충당하기 위하여 부과하는 기본연회비와 카드별로 제공하는부가서비스 비용을 충당하기 위하여 부과하는 제휴연회비로 구성됩니다.\n\n\n\n\n| 구 분 | 청구단위 | 연회비 |\n| --- | --- | --- |\n| 기본연회비 | 회원별/카드별 | 신용카드 상품별로 상이 (해당 상품의 연회비는 설명서내 「상품별 설명서」 참고) |\n| 제휴연회비 | 카드별 |']","['/workspace/rag-baseline/data-pdf-split/card/0_iM Social Worker카드/0001_0001.md', '/workspace/rag-baseline/data-pdf-split/card/0_iM Social Worker카드/0005_0005.md', '/workspace/rag-baseline/data-pdf-split/card/0_iM Social Worker카드/0005_0005.md', '/workspace/rag-baseline/data-pdf-split/card/0_iM Social Worker카드/0001_0001.md', '/workspace/rag-baseline/data-pdf-split/card/0_iM Social Worker카드/0005_0005.md', '/workspace/rag-baseline/data-pdf-split/card/0_iM Social Worker카드/0001_0001.md', '/workspace/rag-baseline/data-pdf-split/card/0_iM Social Worker카드/0004_0004.md', '/workspace/rag-baseline/data-pdf-split/card/0_iM Social Worker카드/0005_0005.md', '/workspace/rag-baseline/data-pdf-split/card/0_iM Social Worker카드/0005_0005.md', '/workspace/rag-baseline/data-pdf-split/card/0_iM Social Worker카드/0001_0001.md']","['0_iM Social Worker카드', '0_iM Social Worker카드', '0_iM Social Worker카드', '0_iM Social Worker카드', '0_iM Social Worker카드', '0_iM Social Worker카드', '0_iM Social Worker카드', '0_iM Social Worker카드', '0_iM Social Worker카드', '0_iM Social Worker카드']","[4, 0, 0, 4, 0, 4, 1, 0, 0, 4]"
"기한의 이익은 무엇이고, 기한의 이익이 상실되는 주요 사유는 무엇인가요?","기한의 이익은 당사자가 기한 설정으로 인해 받는 이익을 말합니다. 주로 채무자인 회원이 이용대금을 당초 지정된 결제일까지 연체할 수 있는 기간 동안의 이익을 의미합니다.

기한의 이익이 상실되는 주요 사유는 다음과 같습니다:

1. 모든 이용대금을 즉시 상환: 기한 내에 이용대금을 전액 상환하지 않으면 기한의 이익이 상실됩니다.
2. 연체이자 부담: 이용대금을 기한 내에 상환하지 못하면 연체이자가 발생하게 되며, 이는 기한의 이익을 감소시킵니다.
3. 신용카드 개인회원 표준약관 위반: 파산 신청, 개인회생 절차 개시 신청 등으로 인해 신용카드사에 대하여 계약 위반이 인정될 경우 기한의 이익이 상실될 수 있습니다.

이 외에도 신용카드 거래와 관련된 부실 자료 제출, 다른 채무 연체 등으로 인해 기한의 이익이 상실될 수 있습니다.","['10\\. 이용대금 결제일 전 이용대금 상환이 필요한 경우\n\n\n。 기한의 이익이란?\n===========\n\n\n기한의 존재로 말미암아 당사자가 받는 이익을 말하며, 채무자인 회원은 당초지정한 이용대금 결제일까지는 신용카드 이용대금을 상환하지 않아도 되므로그 기간 동안 채무자인 회원이 가지는 이익을 기한의 이익이라 합니다.\n\n\n。 기한의 이익이 상실되면?\n\n\n\\- 모든 이용대금을 즉시 상환\\- 연체이자 부담\\- 일정기간 경과 후 신용도 판단정보 등록 등\n\n\n□ 파산, 개인회생절차 개시의 신청이 있거나, 채무불이행자 명부 등재신청이 있는 경우 등(신용카드 개인회원 표준약관 제29조 등에서 정한사유)', '○ 은행으로부터 별도 청구가 없더라도 모든 신용카드 이용대금을 대금결제일이 도래하기 전임에도 불구하고 즉시 상환하셔야 합니다.\n\n\n(참고) 주요 기한의 이익 상실 사유\n\n\n\\- 신용카드 거래와 관련하여 허위, 위변조 또는 고의로 부실자료를 제출하여카드사의 채권보전에 중대한 손실을 유발한 때\\- 신용카드 이용대금(단기카드대출(현금서비스) 포함) 또는 다른 금융기관에대한 채무를 연체한 경우\\- 할부금을 연속하여 2회 이상 연체하고, 그 연체한 금액이 총 할부금액의 1/10을초과하는 경우\\- 다른 채무로 인하여 압류, 경매, 기타 강제 집행을 당한 경우 등\n\n\n11\\. 일부결제금액이월약정(리볼빙)의 위험성 및 예시\n==============================', '○ 일시불 거래를 연체하는 경우 : 거래 발생시점의 최소기간(2개월)유이자 할부금리○ 무이자 할부 거래를 연체하는 경우 : 거래 발생시점의 동일한 할부계약기간의 유이자 할부금리○ 그 외의 경우 정상이자율은 상법상 상사법정이율(상행위로 인한 법정이율)과 상호금융가계자금대출금리\\* 중 높은 금리 적용\\* 한국은행에서 매월 발표하는 가장 최근의 비은행 금융기관 가중평균대출금리(신규대출 기준)\n\n\n□ 연체에 따른 불이익\n\n\n○ 신용카드 이용대금을 연체하는 경우 신용도 하락, 연체이자 및 지연배상금 발생, 카드이용 정지, 카드이용 한도감액, 카드이용 계약 해지등 불이익이 발생할 수 있습니다.', '·상환능력에 비해 신용카드 사용액이 과도할 경우, 귀하의 개인신용평점이 하락할수있습니다.\n\n\n· 개인신용평점 하락시 금융거래와 관련된 불이익이 발생할 수 있습니다.·일정기간납부대금을 연체할 경우,모든 납부대금을 변제할 의무가 발생할 수 있습니다.·연체이자율:회원별/이용상품별 정상이자율 \\+ 최대 3% (법정 최고금리(연 20%)이내)단, 연체 발생 시점에 정상이자율이 없는 경우는 아래와 같이 적용함', '거래가 종료된 경우에도 일정기간 개인신용평점에 영향을 줄 수 있습니다.', '□ 신용카드 이용대금을 연체할 경우, 원리금에 연체이자율이 적용되고 금융거래가 제약되며 신용점수 등이 하락하는 불이익이 발생할 수있다는 점을 확인하셨습니까?\n\n\n① 예 ② 아니오\n\n\n□ 연회비 부과기간이 끝나기 이전에 카드를 중도해지하는 경우, 남은 기간에 해당하는 연회비를 일할계산하여 반환해 드리나, 카드발급 및부가서비스 제공에 이미 지출된 비용은 반환금액에서 제외된다는 점을 확인하셨습니까?\n\n\n① 예 ② 아니오\n=========', '\\- 일시불 거래 연체시: 거래발생 시점의 최소 기간(2개월) 유이자 할부금리\\-무이자할부 거래 연체 시:거래 발생 시점의 동일한 할부 계약기간의 유이자 할부금리\\- 그외의 경우:정상이자율은 상법상 상사법정이율과 상호금융 가계자금대출금리\\*중높은 금리적용\\*한국은행에서 매월 발표하는 가장최근의 비은행 금융기관 가중평균대출금리(신규대출 기준)\n\n\n·카드 신청전 상품설명서와 약관을반드시 읽어 보시기바랍니다.\n\n\n·신용카드 발급이 부적정한경우(연체금보유, 신용점수 낮음등)카드발급이 제한될수\n===========================================\n\n\n있습니다.\n=====', '□ 연회비 반환기한 회원이 계약을 해지한 날부터 10영업일 이내에 연회비반환금액을 반환하여 드립니다. 다만, 부가서비스 제공내역 확인에시간이 소요되는 등 불가피한 사유로 계약을 해지한 날부터 10영업일이내에 연회비 반환금액을 반환하기 어려운 경우에는 계약을 해지한날부터 3개월 이내에 반환하여 드립니다.\n\n\n5\\. 계약 해지 시 불이익\n\n\n□ 회원이 유효기간이 도래하기 전에 카드를 해지하는 경우 이미 납부한연회비를 계약을 해지한 날부터 일할 계산(하루 단위로 계산)하여 그금액을 차감하여 반환하며, 카드사는 카드이용계약이 해지된 경우 그날까지의 채무 전액 변제를 요구할 수 있습니다.\n\n\n6\\. 신용카드 이용의 제한', ""8\\. 연계 . 제휴서비스(부가서비스)\n\n\n□ 본 신용카드 상품의 연계·제휴서비스(부가서비스) 상세내용 및 제공조건은 '상품별 설명서'의 내용을 참고해주시기 바랍니다.\n\n\n9\\. 연체이자율 및 연체에 따른 불이익\n\n\n□ 카드 이용대금 연체시 회원별, 이용상품별 정상이자율 \\+ 3%의 연체이자율이 적용됩니다. (법정 최고금리 연 20% 이내로 적용)\n\n\n□ 다만, 연체 발생 시점에 정상이자율이 없는 경우 정상이자율은 아래와같이 적용합니다."", '신용카드 이용대금 연체 시 발생하는 불이익Q. 신용카드 이용대금을 연체할 경우 어떤 불이익이 발생하나요?\n\n\n신용카드 이용대금 연체 시에는 법에서 정하는 범위 내에서 원리금에 연체이자율이 적용되며, 금융거래가 제약되고 신용점수 등이하락할 수 있으니 유의하여 주시기 바랍니다.\n\n\n민원을 제기하거나 상담을 요청하려는 경우 이용 가능한 연락처Q. 신용카드와 관련하여 궁금한 점이나 민원사항이 있는 경우 어디로 연락해야 하나요?\n\n\n→ 당행고객센터 또는 카드사업부(1566\\-5050\\)를 통해 금융상품에 관한 문의가 가능하며, 분쟁 발생시에는 감독원(국번없이 1332\\)에도움을 요청하실 수 있습니다.\n\n\n1\\. 신용카드의 특성']","['/workspace/rag-baseline/data-pdf-split/card/0_iM Social Worker카드/0002_0002.md', '/workspace/rag-baseline/data-pdf-split/card/0_iM Social Worker카드/0002_0002.md', '/workspace/rag-baseline/data-pdf-split/card/0_iM Social Worker카드/0001_0001.md', '/workspace/rag-baseline/data-pdf-split/card/0_iM Social Worker카드/0004_0004.md', '/workspace/rag-baseline/data-pdf-split/card/0_iM Social Worker카드/0001_0001.md', '/workspace/rag-baseline/data-pdf-split/card/0_iM Social Worker카드/0003_0003.md', '/workspace/rag-baseline/data-pdf-split/card/0_iM Social Worker카드/0004_0004.md', '/workspace/rag-baseline/data-pdf-split/card/0_iM Social Worker카드/0001_0001.md', '/workspace/rag-baseline/data-pdf-split/card/0_iM Social Worker카드/0001_0001.md', '/workspace/rag-baseline/data-pdf-split/card/0_iM Social Worker카드/0000_0000.md']","['0_iM Social Worker카드', '0_iM Social Worker카드', '0_iM Social Worker카드', '0_iM Social Worker카드', '0_iM Social Worker카드', '0_iM Social Worker카드', '0_iM Social Worker카드', '0_iM Social Worker카드', '0_iM Social Worker카드', '0_iM Social Worker카드']","[3, 3, 4, 1, 4, 2, 1, 4, 4, 5]"
신용카드를 해지하고 싶어요.,"신용카드 해지 방법에 대해 안내해 드리겠습니다.

회원님께서는 인터넷 홈페이지, 모바일 앱뱅킹(iM뱅크 앱), 또는 고객센터를 통해 신용카드 해지를 신청하실 수 있습니다.

1. 인터넷 홈페이지:
   - 홈페이지 접속 > 카드 > BC카드 소개/신청/해지 > BC카드 해지

2. 모바일 앱뱅킹(iM뱅크 앱):
   - 앱 접속 > 오른쪽 상단 전체메뉴 > 상품관리 > BC카드 카드정보 > 카드해지

3. 고객센터:
   - 1566-5050(대표번호) > ARS 5번 신용카드 업무 > ARS 6번 사용등록 및 발급 신청, 해지 > ARS 3번 신용카드 해지
   - 고객센터를 통한 신용카드 해지 신청은 9시부터 18시까지 가능합니다.

해지 신청 후, 카드사에서는 약 10영업일(불가피한 사유로 인해 3개월까지) 내에 연회비","['□ 해지 신청 : 회원은 인터넷 홈페이지, 은행앱, 고객센터를 통해 신용카드의해지를 신청할 수 있습니다. (기업회원 제외)。 \\[인터넷 홈페이지] : 홈페이지 접속 \\> 카드 \\> BC카드 소개/신청/해지\\> BC카드 해지。 모바일앱뱅킹(iM뱅크 앱) : 앱 접속 \\> 오른쪽 상단 전체메뉴 \\> 상품관리 \\> BC카드 카드정보 \\> 카드해지。 \\[고객센터] : 1566\\-5050(대표번호) \\> ARS 5번 신용카드 업무 \\> ARS6번 사용등록 및 발급 신청, 해지 \\> ARS 3번 신용카드 해지☞ 고객센터를 통한 신용카드 해지 신청은 9시\\~18시까지 가능□ 해지 처리 신용카드 해지로 인해 탈회가 되는 경우에는 결제대금 납부,포인트 소멸 및 환급처리 안내 등을 위해 상담', '□ 신용카드 이용대금을 연체할 경우, 원리금에 연체이자율이 적용되고 금융거래가 제약되며 신용점수 등이 하락하는 불이익이 발생할 수있다는 점을 확인하셨습니까?\n\n\n① 예 ② 아니오\n\n\n□ 연회비 부과기간이 끝나기 이전에 카드를 중도해지하는 경우, 남은 기간에 해당하는 연회비를 일할계산하여 반환해 드리나, 카드발급 및부가서비스 제공에 이미 지출된 비용은 반환금액에서 제외된다는 점을 확인하셨습니까?\n\n\n① 예 ② 아니오\n=========', '□ 연회비 반환기한 회원이 계약을 해지한 날부터 10영업일 이내에 연회비반환금액을 반환하여 드립니다. 다만, 부가서비스 제공내역 확인에시간이 소요되는 등 불가피한 사유로 계약을 해지한 날부터 10영업일이내에 연회비 반환금액을 반환하기 어려운 경우에는 계약을 해지한날부터 3개월 이내에 반환하여 드립니다.\n\n\n5\\. 계약 해지 시 불이익\n\n\n□ 회원이 유효기간이 도래하기 전에 카드를 해지하는 경우 이미 납부한연회비를 계약을 해지한 날부터 일할 계산(하루 단위로 계산)하여 그금액을 차감하여 반환하며, 카드사는 카드이용계약이 해지된 경우 그날까지의 채무 전액 변제를 요구할 수 있습니다.\n\n\n6\\. 신용카드 이용의 제한', 'Q1\\. 카드 뒷면에 서명을 꼭 해야 하나요?\n\n\n→ 회원은 발급된 카드를 받는 즉시 카드 뒷면에 서명을 하여야 합니다. 카드 뒷면에 서명을 하지 않고 분실하는 경우, 부정사용된 금액에대해 책임을 질 수 있습니다.\n\n\nQ2\\. 카드 중도해지 시 연회비는 어떻게 반환받나요?\n\n\n→\n\n\n연회비는 카드발급 시점을 기준으로 원칙적으로 1년 단위로 청구됩니다. 연회비 부과기간이 끝나기 이전에 카드를 중도해지 하는경우 남은 기간에 해당하는 연회비를 계산하여 10영업일(불가피한 경우 3개월) 이내에 반환하여 드립니다. 다만, 카드발급 및 부가서비스 제공에 이미 지출된 비용은 제외됩니다.\n\n\nQ3\\. 일부결제금액이월약정(리볼빙) 이용 시 주의사항이 있나요?', '내에서는 신용카드를 계속 이용할 수 있는 결제방식 | 연5\\.5% \\~ 연18\\.9% |', '\\- 일시불 거래 연체시: 거래발생 시점의 최소 기간(2개월) 유이자 할부금리\\-무이자할부 거래 연체 시:거래 발생 시점의 동일한 할부 계약기간의 유이자 할부금리\\- 그외의 경우:정상이자율은 상법상 상사법정이율과 상호금융 가계자금대출금리\\*중높은 금리적용\\*한국은행에서 매월 발표하는 가장최근의 비은행 금융기관 가중평균대출금리(신규대출 기준)\n\n\n·카드 신청전 상품설명서와 약관을반드시 읽어 보시기바랍니다.\n\n\n·신용카드 발급이 부적정한경우(연체금보유, 신용점수 낮음등)카드발급이 제한될수\n===========================================\n\n\n있습니다.\n=====', '납부,포인트 소멸 및 환급처리 안내 등을 위해 상담 직원과 통화가 필요할 수있습니다.', '□ 카드사가 아래와 같이 「금융소비자 보호에 관한 법률」 (이하 ""금융소비자보호법"")상 의무를 위반하여 계약을 체결한 경우, 고객은 해당계약을 해지할 수 있습니다.○ 금융소비자보호법 제17조제3항을 위반하여 적합하지 아니하다고인정되는 계약의 체결을 권유한 경우○ 금융소비자보호법 제19조제1항 또는 제3항을 위반하여 설명의무를이행하지 아니한 경우○ 금융소비자보호법 제20조제1항을 위반하여 불공정영업행위를 한경우○ 금융소비자보호법 제21조를 위반하여 부당권유행위를 한 경우□ 위법계약 해지를 요구하기 위해서는 아래의 날 중 먼저 도달한 기간 내에서면, 우편, 전자우편, 문자메시지 등으로 계약의 해지를 요구하여야하며, 이 경우에는 금융위원회가 고시하는 서식(계약해지요구서)에', '회원에게 양도 불 가능합니다.· 이혼, 사망, 파양 등 가족관계 변동 시 본인회원이 아이엠뱅크 홈페이지(카드)비씨카드소개/신청/해지)BC카드해지)및 앱(BC카드 카드정보\\>카드해지)을통한 가족카드 해지 또는 아이엠뱅크 고객센터(1566\\-5050\\)를 통한 가족카드정지가 가능합니다.가족관계가 변동되었음에도 가족카드를 정지 또는 해지하지 않은 경우 본인회원에게 의도하지 않은 카드 이용 및 책임이 발생할 수 있습니다.본인회원이 요청할 경우 가족회원 동의 없이 가족카드가 한도 변경/정지/해지될 수 있습니다.· 본인카드 해지 시 가족카드도 즉시 자동 해지됩니다.', ""8\\. 연계 . 제휴서비스(부가서비스)\n\n\n□ 본 신용카드 상품의 연계·제휴서비스(부가서비스) 상세내용 및 제공조건은 '상품별 설명서'의 내용을 참고해주시기 바랍니다.\n\n\n9\\. 연체이자율 및 연체에 따른 불이익\n\n\n□ 카드 이용대금 연체시 회원별, 이용상품별 정상이자율 \\+ 3%의 연체이자율이 적용됩니다. (법정 최고금리 연 20% 이내로 적용)\n\n\n□ 다만, 연체 발생 시점에 정상이자율이 없는 경우 정상이자율은 아래와같이 적용합니다.""]","['/workspace/rag-baseline/data-pdf-split/card/0_iM Social Worker카드/0002_0002.md', '/workspace/rag-baseline/data-pdf-split/card/0_iM Social Worker카드/0003_0003.md', '/workspace/rag-baseline/data-pdf-split/card/0_iM Social Worker카드/0001_0001.md', '/workspace/rag-baseline/data-pdf-split/card/0_iM Social Worker카드/0000_0000.md', '/workspace/rag-baseline/data-pdf-split/card/0_iM Social Worker카드/0001_0001.md', '/workspace/rag-baseline/data-pdf-split/card/0_iM Social Worker카드/0004_0004.md', '/workspace/rag-baseline/data-pdf-split/card/0_iM Social Worker카드/0002_0002.md', '/workspace/rag-baseline/data-pdf-split/card/0_iM Social Worker카드/0002_0002.md', '/workspace/rag-baseline/data-pdf-split/card/0_iM Social Worker카드/0005_0005.md', '/workspace/rag-baseline/data-pdf-split/card/0_iM Social Worker카드/0001_0001.md']","['0_iM Social Worker카드', '0_iM Social Worker카드', '0_iM Social Worker카드', '0_iM Social Worker카드', '0_iM Social Worker카드', '0_iM Social Worker카드', '0_iM Social Worker카드', '0_iM Social Worker카드', '0_iM Social Worker카드', '0_iM Social Worker카드']","[3, 2, 4, 5, 4, 1, 3, 3, 0, 4]"
개인신용평가대응원이 뭐야?,개인신용평가대응권은 개인인 금융소비자가 자동화평가에 따른 개인신용평가 결과 및 주요기준 등의 설명과 자동화평가 결과의 산출에 유리하다고 판단되는 정보를 제출하거나 기초정보의 정정·삭제·재산출을 요구할 수 있는 권리입니다. (신용정보의 이용 및 보호에 관한 법률 제36조의 2),"['16\\.개인신용평가대응권 (개인회원에 관련된 설명)\n\n\n□ 개인신용평가대응권이란 개인인 금융소비자가 \\*자동화평가\\*에 따른개인신용평가 결과 및 주요기준 등의 설명 과 자동화평가 결과의산출에 유리하다고 판단되는 정보를 제출 또는 기초정보의 정정 · 삭제· 재산출을 요구 할 수 있는 권리(신용정보의 이용 및 보호에 관한 법률\n\n\n제36조의 2\\)를 말합니다.\n\n\n※ 자동화평가란? 금융회사 임직원이 평가 업무에 관여하지 아니하고컴퓨터 등 정보처리장치로만 개인신용정보 및 그 밖의 정보를 처리하여 개인인 금융소비자를 평가하는 행위', '□ 금융소비자는 신용정보의 이용 및 보호에 관한 법률 제36조의 2에 따라자동화 평가의 결과, 자동화 평가의 주요 기준, 자동화 평가의 평가에이용된 기초정보 등에 대해 서면, 전자우편, 인터넷 홈페이지, 앱 등을통해 설명하여 줄 것을 은행에 요구할 수 있습니다.\n\n\n□ 은행은 다음 어느 하나에 해당하는 경우에는 금융소비자의 요구를 거절할 수 있으며, 기초정보가 정정 · 삭제되었더라도 신용상태의 개선이경미한 경우, 재평가결과는 기존과 동일할 수 있습니다.\n\n\n○ 자동화평가가 아닌 방식으로 개인의 신용을 평가하는 경우', '거래가 종료된 경우에도 일정기간 개인신용평점에 영향을 줄 수 있습니다.', '\\- 일시불 거래 연체시: 거래발생 시점의 최소 기간(2개월) 유이자 할부금리\\-무이자할부 거래 연체 시:거래 발생 시점의 동일한 할부 계약기간의 유이자 할부금리\\- 그외의 경우:정상이자율은 상법상 상사법정이율과 상호금융 가계자금대출금리\\*중높은 금리적용\\*한국은행에서 매월 발표하는 가장최근의 비은행 금융기관 가중평균대출금리(신규대출 기준)\n\n\n·카드 신청전 상품설명서와 약관을반드시 읽어 보시기바랍니다.\n\n\n·신용카드 발급이 부적정한경우(연체금보유, 신용점수 낮음등)카드발급이 제한될수\n===========================================\n\n\n있습니다.\n=====', '·상환능력에 비해 신용카드 사용액이 과도할 경우, 귀하의 개인신용평점이 하락할수있습니다.\n\n\n· 개인신용평점 하락시 금융거래와 관련된 불이익이 발생할 수 있습니다.·일정기간납부대금을 연체할 경우,모든 납부대금을 변제할 의무가 발생할 수 있습니다.·연체이자율:회원별/이용상품별 정상이자율 \\+ 최대 3% (법정 최고금리(연 20%)이내)단, 연체 발생 시점에 정상이자율이 없는 경우는 아래와 같이 적용함', '□ 신용카드 이용대금을 연체할 경우, 원리금에 연체이자율이 적용되고 금융거래가 제약되며 신용점수 등이 하락하는 불이익이 발생할 수있다는 점을 확인하셨습니까?\n\n\n① 예 ② 아니오\n\n\n□ 연회비 부과기간이 끝나기 이전에 카드를 중도해지하는 경우, 남은 기간에 해당하는 연회비를 일할계산하여 반환해 드리나, 카드발급 및부가서비스 제공에 이미 지출된 비용은 반환금액에서 제외된다는 점을 확인하셨습니까?\n\n\n① 예 ② 아니오\n=========', '□ 필요 이상의 신용카드를 발급받을 경우 개인신용평점이나 이용한도에영향을 미칠 수 있습니다.□ 상환능력에 비해 신용카드 사용액이 과도한 경우 개인신용평점이 하락할 수 있습니다.□ 개인신용평점이 하락하는 경우 금융거래와 관련된 불이익이 발생할 수있으며, 불이익 발생가능성이 있는 금융거래 종류에는 신용카드거래\\[신용카드발급, 장기카드대출(카드론) ,단기카드대출(현금서비스), 일부결제금액이월약정(리볼빙)], 가계여신거래\\[신용대출, 담보대출 등] 등이있습니다.□ 평균적으로 연체율이 높은 금융권역, 형태의 신용공여는 일반적인 신용공여보다 개인신용평점이 더 큰 폭으로 하락할 수 있습니다.□ 금융거래가 변제나 이에 준하는 방식으로 거래가 종료된 경우에도 일정기간 개인신용평점에 영향을', '① 예 ② 아니오\n=========\n\n\n□ 카드 이용한도는 카드발급을 신청할 때 회원이 신청한 금액과 카드사의 심사기준을 종합적으로 반영하여 책정하며, 은행은 회원의 월 평균결제능력, 신용도, 이용실적 등을 바탕으로 매년 1회 이상 정기적으로 이용한도 적정성을 평가한 후 이용한도를 조정할 수 있습니다. 이내용을 확인하셨습니까?① 예 ② 아니오\n\n\n□ 일부결제금액이웰약정(리볼빙)을 이용하여 이월잔액이 발생하는 경우 수수료가 부과되며, 신용도가 하락할 수 있다는 내용을 확인하셨습니까?(개인회원에 관련된 설명)\n\n\n① 예 ② 아니오', '청구할인 서비스\n========', '납부,포인트 소멸 및 환급처리 안내 등을 위해 상담 직원과 통화가 필요할 수있습니다.']","['/workspace/rag-baseline/data-pdf-split/card/0_iM Social Worker카드/0003_0003.md', '/workspace/rag-baseline/data-pdf-split/card/0_iM Social Worker카드/0003_0003.md', '/workspace/rag-baseline/data-pdf-split/card/0_iM Social Worker카드/0001_0001.md', '/workspace/rag-baseline/data-pdf-split/card/0_iM Social Worker카드/0004_0004.md', '/workspace/rag-baseline/data-pdf-split/card/0_iM Social Worker카드/0004_0004.md', '/workspace/rag-baseline/data-pdf-split/card/0_iM Social Worker카드/0003_0003.md', '/workspace/rag-baseline/data-pdf-split/card/0_iM Social Worker카드/0001_0001.md', '/workspace/rag-baseline/data-pdf-split/card/0_iM Social Worker카드/0003_0003.md', '/workspace/rag-baseline/data-pdf-split/card/0_iM Social Worker카드/0005_0005.md', '/workspace/rag-baseline/data-pdf-split/card/0_iM Social Worker카드/0002_0002.md']","['0_iM Social Worker카드', '0_iM Social Worker카드', '0_iM Social Worker카드', '0_iM Social Worker카드', '0_iM Social Worker카드', '0_iM Social Worker카드', '0_iM Social Worker카드', '0_iM Social Worker카드', '0_iM Social Worker카드', '0_iM Social Worker카드']","[2, 2, 4, 1, 1, 2, 4, 2, 0, 3]"
신용카드 이용대금을 연체하면 어떻게 돼?,"신용카드 이용대금을 연체할 경우 다음과 같은 불이익이 발생할 수 있습니다:

1. 연체이자 부담: 연체된 금액에 대해 연체이자율이 적용되어 추가 비용이 발생합니다.
2. 신용도 하락: 연체 기록은 신용정보에 남아 신용 점수를 낮추어 다른 대출이나 금융 거래에 제약을 초래할 수 있습니다.
3. 카드 이용 제한: 연체로 인해 카드 사용이 일시적으로 제한될 수 있습니다.
4. 카드 이용 한도 감액: 연체 내역이 반영되어 카드 한도가 줄어들 수 있습니다.
5. 카드 계약 해지: 반복적인 연체로 인해 카드사에서 카드 이용 계약을 해지할 수 있습니다.

또한, 신용카드 연체는 개인의 재정 건전성에 부정적인 영향을 미치며, 신용카드 사용에 대한 책임감을 상실할 수 있습니다. 따라서 신용카드 대금을 정시에 납부하는 것이 중요합니다. 만약 연체 상황에 처해 있다면 즉시 대금을","['○ 일시불 거래를 연체하는 경우 : 거래 발생시점의 최소기간(2개월)유이자 할부금리○ 무이자 할부 거래를 연체하는 경우 : 거래 발생시점의 동일한 할부계약기간의 유이자 할부금리○ 그 외의 경우 정상이자율은 상법상 상사법정이율(상행위로 인한 법정이율)과 상호금융가계자금대출금리\\* 중 높은 금리 적용\\* 한국은행에서 매월 발표하는 가장 최근의 비은행 금융기관 가중평균대출금리(신규대출 기준)\n\n\n□ 연체에 따른 불이익\n\n\n○ 신용카드 이용대금을 연체하는 경우 신용도 하락, 연체이자 및 지연배상금 발생, 카드이용 정지, 카드이용 한도감액, 카드이용 계약 해지등 불이익이 발생할 수 있습니다.', '□ 신용카드 이용대금을 연체할 경우, 원리금에 연체이자율이 적용되고 금융거래가 제약되며 신용점수 등이 하락하는 불이익이 발생할 수있다는 점을 확인하셨습니까?\n\n\n① 예 ② 아니오\n\n\n□ 연회비 부과기간이 끝나기 이전에 카드를 중도해지하는 경우, 남은 기간에 해당하는 연회비를 일할계산하여 반환해 드리나, 카드발급 및부가서비스 제공에 이미 지출된 비용은 반환금액에서 제외된다는 점을 확인하셨습니까?\n\n\n① 예 ② 아니오\n=========', '·상환능력에 비해 신용카드 사용액이 과도할 경우, 귀하의 개인신용평점이 하락할수있습니다.\n\n\n· 개인신용평점 하락시 금융거래와 관련된 불이익이 발생할 수 있습니다.·일정기간납부대금을 연체할 경우,모든 납부대금을 변제할 의무가 발생할 수 있습니다.·연체이자율:회원별/이용상품별 정상이자율 \\+ 최대 3% (법정 최고금리(연 20%)이내)단, 연체 발생 시점에 정상이자율이 없는 경우는 아래와 같이 적용함', '신용카드 이용대금 연체 시 발생하는 불이익Q. 신용카드 이용대금을 연체할 경우 어떤 불이익이 발생하나요?\n\n\n신용카드 이용대금 연체 시에는 법에서 정하는 범위 내에서 원리금에 연체이자율이 적용되며, 금융거래가 제약되고 신용점수 등이하락할 수 있으니 유의하여 주시기 바랍니다.\n\n\n민원을 제기하거나 상담을 요청하려는 경우 이용 가능한 연락처Q. 신용카드와 관련하여 궁금한 점이나 민원사항이 있는 경우 어디로 연락해야 하나요?\n\n\n→ 당행고객센터 또는 카드사업부(1566\\-5050\\)를 통해 금융상품에 관한 문의가 가능하며, 분쟁 발생시에는 감독원(국번없이 1332\\)에도움을 요청하실 수 있습니다.\n\n\n1\\. 신용카드의 특성', ""8\\. 연계 . 제휴서비스(부가서비스)\n\n\n□ 본 신용카드 상품의 연계·제휴서비스(부가서비스) 상세내용 및 제공조건은 '상품별 설명서'의 내용을 참고해주시기 바랍니다.\n\n\n9\\. 연체이자율 및 연체에 따른 불이익\n\n\n□ 카드 이용대금 연체시 회원별, 이용상품별 정상이자율 \\+ 3%의 연체이자율이 적용됩니다. (법정 최고금리 연 20% 이내로 적용)\n\n\n□ 다만, 연체 발생 시점에 정상이자율이 없는 경우 정상이자율은 아래와같이 적용합니다."", '\\- 일시불 거래 연체시: 거래발생 시점의 최소 기간(2개월) 유이자 할부금리\\-무이자할부 거래 연체 시:거래 발생 시점의 동일한 할부 계약기간의 유이자 할부금리\\- 그외의 경우:정상이자율은 상법상 상사법정이율과 상호금융 가계자금대출금리\\*중높은 금리적용\\*한국은행에서 매월 발표하는 가장최근의 비은행 금융기관 가중평균대출금리(신규대출 기준)\n\n\n·카드 신청전 상품설명서와 약관을반드시 읽어 보시기바랍니다.\n\n\n·신용카드 발급이 부적정한경우(연체금보유, 신용점수 낮음등)카드발급이 제한될수\n===========================================\n\n\n있습니다.\n=====', '10\\. 이용대금 결제일 전 이용대금 상환이 필요한 경우\n\n\n。 기한의 이익이란?\n===========\n\n\n기한의 존재로 말미암아 당사자가 받는 이익을 말하며, 채무자인 회원은 당초지정한 이용대금 결제일까지는 신용카드 이용대금을 상환하지 않아도 되므로그 기간 동안 채무자인 회원이 가지는 이익을 기한의 이익이라 합니다.\n\n\n。 기한의 이익이 상실되면?\n\n\n\\- 모든 이용대금을 즉시 상환\\- 연체이자 부담\\- 일정기간 경과 후 신용도 판단정보 등록 등\n\n\n□ 파산, 개인회생절차 개시의 신청이 있거나, 채무불이행자 명부 등재신청이 있는 경우 등(신용카드 개인회원 표준약관 제29조 등에서 정한사유)', '내에서는 신용카드를 계속 이용할 수 있는 결제방식 | 연5\\.5% \\~ 연18\\.9% |', '○ 은행으로부터 별도 청구가 없더라도 모든 신용카드 이용대금을 대금결제일이 도래하기 전임에도 불구하고 즉시 상환하셔야 합니다.\n\n\n(참고) 주요 기한의 이익 상실 사유\n\n\n\\- 신용카드 거래와 관련하여 허위, 위변조 또는 고의로 부실자료를 제출하여카드사의 채권보전에 중대한 손실을 유발한 때\\- 신용카드 이용대금(단기카드대출(현금서비스) 포함) 또는 다른 금융기관에대한 채무를 연체한 경우\\- 할부금을 연속하여 2회 이상 연체하고, 그 연체한 금액이 총 할부금액의 1/10을초과하는 경우\\- 다른 채무로 인하여 압류, 경매, 기타 강제 집행을 당한 경우 등\n\n\n11\\. 일부결제금액이월약정(리볼빙)의 위험성 및 예시\n==============================', '□ 연회비 반환기한 회원이 계약을 해지한 날부터 10영업일 이내에 연회비반환금액을 반환하여 드립니다. 다만, 부가서비스 제공내역 확인에시간이 소요되는 등 불가피한 사유로 계약을 해지한 날부터 10영업일이내에 연회비 반환금액을 반환하기 어려운 경우에는 계약을 해지한날부터 3개월 이내에 반환하여 드립니다.\n\n\n5\\. 계약 해지 시 불이익\n\n\n□ 회원이 유효기간이 도래하기 전에 카드를 해지하는 경우 이미 납부한연회비를 계약을 해지한 날부터 일할 계산(하루 단위로 계산)하여 그금액을 차감하여 반환하며, 카드사는 카드이용계약이 해지된 경우 그날까지의 채무 전액 변제를 요구할 수 있습니다.\n\n\n6\\. 신용카드 이용의 제한']","['/workspace/rag-baseline/data-pdf-split/card/0_iM Social Worker카드/0001_0001.md', '/workspace/rag-baseline/data-pdf-split/card/0_iM Social Worker카드/0003_0003.md', '/workspace/rag-baseline/data-pdf-split/card/0_iM Social Worker카드/0004_0004.md', '/workspace/rag-baseline/data-pdf-split/card/0_iM Social Worker카드/0000_0000.md', '/workspace/rag-baseline/data-pdf-split/card/0_iM Social Worker카드/0001_0001.md', '/workspace/rag-baseline/data-pdf-split/card/0_iM Social Worker카드/0004_0004.md', '/workspace/rag-baseline/data-pdf-split/card/0_iM Social Worker카드/0002_0002.md', '/workspace/rag-baseline/data-pdf-split/card/0_iM Social Worker카드/0001_0001.md', '/workspace/rag-baseline/data-pdf-split/card/0_iM Social Worker카드/0002_0002.md', '/workspace/rag-baseline/data-pdf-split/card/0_iM Social Worker카드/0001_0001.md']","['0_iM Social Worker카드', '0_iM Social Worker카드', '0_iM Social Worker카드', '0_iM Social Worker카드', '0_iM Social Worker카드', '0_iM Social Worker카드', '0_iM Social Worker카드', '0_iM Social Worker카드', '0_iM Social Worker카드', '0_iM Social Worker카드']","[4, 2, 1, 5, 4, 1, 3, 4, 3, 4]"
아이엠뱅크 고객센터 전화번호를 알려줘.,아이엠뱅크 고객센터 전화번호는 1566-5050입니다.,"['(고객센터 1566\\-5050 \\> ARS 0번 ) \\> ARS 3번 상담원 연결)\n\n\n관리번호 : 7031\\_210x297mm\\_인쇄일자: 2024\\. 6\n4 0 1 9 1 3 2\niM 뱅크', '13\\. 민원 및 분쟁에 관한 사항\n\n\n□ 분쟁이 발생한 경우에는 금융감독원(국번없이 1332\\) 등에 도움을 요청하실 수 있습니다.\n\n\n□ 신용카드와 관련한 의문사항 또는 불편한 사항(민원)이 있을 경우, 당행인터넷 홈페이지(www.imbank.co.kr), 고객센터(1566\\-5050\\)로 문의하실 수 있습니다.\n\n\n14\\. 자료열람요구권\n\n\n15\\.신용카드 해지 신청 안내', 'BC\n==\n\n\niM Social Worker\n================\n\n\n즐겨 쓰는 5개영역 할인 혜택\n================\n\n\n![iMBank\niM\nSOCIAL\nWORKER](page_1_figure_1.png)\n자세한 내용은 아이엠뱅크 고객센터로 문의하시거나아이엠뱅크 홈페이지 상품설명을 참고 바랍니다.\n\n\n아이엠뱅크 www.imbank.co.kr / 1566\\-5050BC카드 www.bccard.com / 1588\\-4000\n\n\nIY iM 뱅크', '□ 해지 신청 : 회원은 인터넷 홈페이지, 은행앱, 고객센터를 통해 신용카드의해지를 신청할 수 있습니다. (기업회원 제외)。 \\[인터넷 홈페이지] : 홈페이지 접속 \\> 카드 \\> BC카드 소개/신청/해지\\> BC카드 해지。 모바일앱뱅킹(iM뱅크 앱) : 앱 접속 \\> 오른쪽 상단 전체메뉴 \\> 상품관리 \\> BC카드 카드정보 \\> 카드해지。 \\[고객센터] : 1566\\-5050(대표번호) \\> ARS 5번 신용카드 업무 \\> ARS6번 사용등록 및 발급 신청, 해지 \\> ARS 3번 신용카드 해지☞ 고객센터를 통한 신용카드 해지 신청은 9시\\~18시까지 가능□ 해지 처리 신용카드 해지로 인해 탈회가 되는 경우에는 결제대금 납부,포인트 소멸 및 환급처리 안내 등을 위해 상담', '납부,포인트 소멸 및 환급처리 안내 등을 위해 상담 직원과 통화가 필요할 수있습니다.', '신용카드 이용대금 연체 시 발생하는 불이익Q. 신용카드 이용대금을 연체할 경우 어떤 불이익이 발생하나요?\n\n\n신용카드 이용대금 연체 시에는 법에서 정하는 범위 내에서 원리금에 연체이자율이 적용되며, 금융거래가 제약되고 신용점수 등이하락할 수 있으니 유의하여 주시기 바랍니다.\n\n\n민원을 제기하거나 상담을 요청하려는 경우 이용 가능한 연락처Q. 신용카드와 관련하여 궁금한 점이나 민원사항이 있는 경우 어디로 연락해야 하나요?\n\n\n→ 당행고객센터 또는 카드사업부(1566\\-5050\\)를 통해 금융상품에 관한 문의가 가능하며, 분쟁 발생시에는 감독원(국번없이 1332\\)에도움을 요청하실 수 있습니다.\n\n\n1\\. 신용카드의 특성', '회원에게 양도 불 가능합니다.· 이혼, 사망, 파양 등 가족관계 변동 시 본인회원이 아이엠뱅크 홈페이지(카드)비씨카드소개/신청/해지)BC카드해지)및 앱(BC카드 카드정보\\>카드해지)을통한 가족카드 해지 또는 아이엠뱅크 고객센터(1566\\-5050\\)를 통한 가족카드정지가 가능합니다.가족관계가 변동되었음에도 가족카드를 정지 또는 해지하지 않은 경우 본인회원에게 의도하지 않은 카드 이용 및 책임이 발생할 수 있습니다.본인회원이 요청할 경우 가족회원 동의 없이 가족카드가 한도 변경/정지/해지될 수 있습니다.· 본인카드 해지 시 가족카드도 즉시 자동 해지됩니다.', '있습니다.\n=====\n\n\n·카드이용대금과 이에 수반되는 모든 수수료를 지정된대금 결제일에 상환합니다.·금융소비자는 금소법 제19조제1항에 따라해당상품 또는 서비스에 대하여 설명을받을 권리가있으며, 그 설명을듣고 내용을 충분히 이해한후 거래하시 기바랍니다.\n\n\n준법감시인 심의필 제24\\-1514호(2024,08,13\\)여신금융협회 심의필 제2024\\-C1a\\-10273호(2024\\.08\\.26\\)\n\n\n아이엠뱅크\n\n\nKOR 아이엠뱅크 아이엠뱅크\n\n\nKOR\n\n\nKOR\n\n\n.co.kr\n\n\nimbank. imbank.\n===============\n\n\nimbank.\n\n\n「금융소비자 보호에 관한 법률」 의설명의무 이행을 위해 신용카드 설명서본문과 연계된 설명서로서 제공되는서류임.', '\\- 일시불 거래 연체시: 거래발생 시점의 최소 기간(2개월) 유이자 할부금리\\-무이자할부 거래 연체 시:거래 발생 시점의 동일한 할부 계약기간의 유이자 할부금리\\- 그외의 경우:정상이자율은 상법상 상사법정이율과 상호금융 가계자금대출금리\\*중높은 금리적용\\*한국은행에서 매월 발표하는 가장최근의 비은행 금융기관 가중평균대출금리(신규대출 기준)\n\n\n·카드 신청전 상품설명서와 약관을반드시 읽어 보시기바랍니다.\n\n\n·신용카드 발급이 부적정한경우(연체금보유, 신용점수 낮음등)카드발급이 제한될수\n===========================================\n\n\n있습니다.\n=====', '청구할인 서비스\n========']","['/workspace/rag-baseline/data-pdf-split/card/0_iM Social Worker카드/0002_0002.md', '/workspace/rag-baseline/data-pdf-split/card/0_iM Social Worker카드/0002_0002.md', '/workspace/rag-baseline/data-pdf-split/card/0_iM Social Worker카드/0004_0004.md', '/workspace/rag-baseline/data-pdf-split/card/0_iM Social Worker카드/0002_0002.md', '/workspace/rag-baseline/data-pdf-split/card/0_iM Social Worker카드/0002_0002.md', '/workspace/rag-baseline/data-pdf-split/card/0_iM Social Worker카드/0000_0000.md', '/workspace/rag-baseline/data-pdf-split/card/0_iM Social Worker카드/0005_0005.md', '/workspace/rag-baseline/data-pdf-split/card/0_iM Social Worker카드/0004_0004.md', '/workspace/rag-baseline/data-pdf-split/card/0_iM Social Worker카드/0004_0004.md', '/workspace/rag-baseline/data-pdf-split/card/0_iM Social Worker카드/0005_0005.md']","['0_iM Social Worker카드', '0_iM Social Worker카드', '0_iM Social Worker카드', '0_iM Social Worker카드', '0_iM Social Worker카드', '0_iM Social Worker카드', '0_iM Social Worker카드', '0_iM Social Worker카드', '0_iM Social Worker카드', '0_iM Social Worker카드']","[3, 3, 1, 3, 3, 5, 0, 1, 1, 0]"
자동 납부 업무 시간이 지나게 되면 결제를 어떻게 해?,"자동납부 업무 마감시간 이후에는 당행 홈페이지, 모바일웹 및 앱에서 즉시결제 또는 입금전용(가상)계좌 입금(송금납부)을 통해 당일 결제가 가능합니다. 즉시결제를 통해 결제하시면 자동으로 거래가 처리됩니다. 가상계좌를 이용해 입금 후에는 입금 확인 후 자동으로 결제가 이루어집니다. 세부 내용은 아이엠뱅크 홈페이지에서 BC카드대금결제 → 즉시결제를 참고하시면 됩니다.","['이후 결제 계좌에 입금된 금액에대해서는 결제계좌 개설기관의 사정에 따라 당일 출금되지 못하여 연체로처리될 수 있으므로 유의하시기 바랍니다.자동납부 업무 마감시간 이후에는 당행 홈페이지, 모바일웹 및 앱에서 즉시결제 또는 입금전용(가상)계좌 입금(송금납부)을 통해 당일 결제가 가능합니다.\\- 세부내용은 아이엠뱅크 홈페이지 → BC카드대금결제 → 즉시결제 참고', '납부,포인트 소멸 및 환급처리 안내 등을 위해 상담 직원과 통화가 필요할 수있습니다.', '제공한 상태에서 해당 부가서비스로 인해 상품의수익성이 현저히 낮아진 경우카드사가 부가서비스를 변경하는 경우에는 부가서비스 변경사유, 변경 내용등을 사유 발생 즉시 홈페이지에 게시하고, 개별 고지 방법 중 2가지 이상의방법으로 고지하여 드립니다. 특히 부가서비스를 3년 이상 제공한 상태에서해당 부가서비스로 인해 해당 카드의 수익성 유지가 어려워져 부가서비스를변경하는 경우에는 변경일 6개월 이전부터 개별 고지 방법 중 2가지 이상의방법으로 매월 개별 고지해 드립니다.\\[개별 고지 방법] 서면 교부, 우편 또는 전자우편, 전화 또는 팩스, 휴대폰 메시지또는 이에 준하는 전자적 의사표시결제 계좌 개설기관의 영업 마감시간(16시) 이후 결제 계좌에 입금된 금액에대해서는 결제계좌', '거래가 종료된 경우에도 일정기간 개인신용평점에 영향을 줄 수 있습니다.', '2\\. 이용대금 상환방법, 금리(수수료) 및 변동 여부\n\n\n□ 회원은 카드이용대금과 이에 수반되는 모든 수수료를 지정된 대금결제일에 자동이체결제방법 또는 카드사가 정하는 방법(즉시결제, 가상계좌(대금결제를 위해 카드사가 회원별로 부여한 입금전용 계좌) 입금 등)으로 결제하여야 하며, 대금결제일은 결제가능일 중에서 회원이 정하는날로 지정할 수 있습니다.', '내에서는 신용카드를 계속 이용할 수 있는 결제방식 | 연5\\.5% \\~ 연18\\.9% |', '·상환능력에 비해 신용카드 사용액이 과도할 경우, 귀하의 개인신용평점이 하락할수있습니다.\n\n\n· 개인신용평점 하락시 금융거래와 관련된 불이익이 발생할 수 있습니다.·일정기간납부대금을 연체할 경우,모든 납부대금을 변제할 의무가 발생할 수 있습니다.·연체이자율:회원별/이용상품별 정상이자율 \\+ 최대 3% (법정 최고금리(연 20%)이내)단, 연체 발생 시점에 정상이자율이 없는 경우는 아래와 같이 적용함', '청구할인 서비스\n========', '10\\. 이용대금 결제일 전 이용대금 상환이 필요한 경우\n\n\n。 기한의 이익이란?\n===========\n\n\n기한의 존재로 말미암아 당사자가 받는 이익을 말하며, 채무자인 회원은 당초지정한 이용대금 결제일까지는 신용카드 이용대금을 상환하지 않아도 되므로그 기간 동안 채무자인 회원이 가지는 이익을 기한의 이익이라 합니다.\n\n\n。 기한의 이익이 상실되면?\n\n\n\\- 모든 이용대금을 즉시 상환\\- 연체이자 부담\\- 일정기간 경과 후 신용도 판단정보 등록 등\n\n\n□ 파산, 개인회생절차 개시의 신청이 있거나, 채무불이행자 명부 등재신청이 있는 경우 등(신용카드 개인회원 표준약관 제29조 등에서 정한사유)', '□ 신용카드 이용대금을 연체할 경우, 원리금에 연체이자율이 적용되고 금융거래가 제약되며 신용점수 등이 하락하는 불이익이 발생할 수있다는 점을 확인하셨습니까?\n\n\n① 예 ② 아니오\n\n\n□ 연회비 부과기간이 끝나기 이전에 카드를 중도해지하는 경우, 남은 기간에 해당하는 연회비를 일할계산하여 반환해 드리나, 카드발급 및부가서비스 제공에 이미 지출된 비용은 반환금액에서 제외된다는 점을 확인하셨습니까?\n\n\n① 예 ② 아니오\n=========']","['/workspace/rag-baseline/data-pdf-split/card/0_iM Social Worker카드/0004_0004.md', '/workspace/rag-baseline/data-pdf-split/card/0_iM Social Worker카드/0002_0002.md', '/workspace/rag-baseline/data-pdf-split/card/0_iM Social Worker카드/0004_0004.md', '/workspace/rag-baseline/data-pdf-split/card/0_iM Social Worker카드/0001_0001.md', '/workspace/rag-baseline/data-pdf-split/card/0_iM Social Worker카드/0001_0001.md', '/workspace/rag-baseline/data-pdf-split/card/0_iM Social Worker카드/0001_0001.md', '/workspace/rag-baseline/data-pdf-split/card/0_iM Social Worker카드/0004_0004.md', '/workspace/rag-baseline/data-pdf-split/card/0_iM Social Worker카드/0005_0005.md', '/workspace/rag-baseline/data-pdf-split/card/0_iM Social Worker카드/0002_0002.md', '/workspace/rag-baseline/data-pdf-split/card/0_iM Social Worker카드/0003_0003.md']","['0_iM Social Worker카드', '0_iM Social Worker카드', '0_iM Social Worker카드', '0_iM Social Worker카드', '0_iM Social Worker카드', '0_iM Social Worker카드', '0_iM Social Worker카드', '0_iM Social Worker카드', '0_iM Social Worker카드', '0_iM Social Worker카드']","[1, 3, 1, 4, 4, 4, 1, 0, 3, 2]"
커피 할인 대상이 어떻게 돼?,"커피 할인 대상은 스타벅스, 투썸플레이스, 커피빈, 폴바셋, 할리스, 이디야커피, 블루보틀 등 다양한 커피 전문점입니다. 하지만 브랜드의 상품권이나 선불카드 구입/충전에 대해서는 할인 적용이 제외됩니다.","['청구할인 서비스\n========', '서비스\n===\n\n\n유의사항 ·\n\n\n온라인 쇼핑 10% 할인\n\n\n1\n\n\n대상 온라인 쇼핑몰 통합 1일 1회 할인 적용대상 온라인 쇼핑몰 공식 홈페이지 및 앱 내 결제 시에만할인 적용\n\n\n배달앱 10% 할인\n\n\n4\n\n\n대상 배달앱 통합 1일 1회 할인 적용대상 배달앱 공식 홈페이지 및 앱 내 결제 시에만 할인 적용\n\n\n·\n\n\n커피 10% 할인\n\n\n\\*\n\n\n\\+\n\n\n·\n\n\n대상 커피 전문점 통합 1일 1회 할인 적용백화점, 할인점, 쇼핑몰 등의 임대매장 제외커피 브랜드의 상품권, 선불카드 구입/충전 등의 이용금액할인 적용 제외\n\n\n편의점 10% 할인\n\n\n·\n\n\n\\+\n\n\n\\+', '편의점 10% 할인\n\n\n·\n\n\n\\+\n\n\n\\+\n\n\n대상 편의점 통합 1일 1회 할인 적용5천원 이상 결제 건에 한해 할인 적용오프라인 결제 건에 한하며, 백화점, 할인점, 쇼핑몰 등의임대매장은 제외\n\n\n이동통신 10% 할인\n\n\n\\+\n\n\n\\+ 서비스\n\n\n4\n\n\n월 1회 할인 적용대상카드로 자동납부하지 않은 이동통신요금 할인 적용 제외일부 알뜰폰/선불폰/ 결합상품(인터넷, TV,유선전화 등)요금 할인 적용 제외\n\n\n청구할인 서비스 제공 기준\n==============\n\n\n전월 이용금액 조건\n==========\n\n\n\\- 전월 이용금액 30만원 미만 시 청구할인 서비스 제공 제외', '| 할인 영역 | 할인율 | 대 상 | 전월 이용금액별 월 할인한도 | |\n| --- | --- | --- | --- | --- |\n| 30만원 이상 | 60만원 이상 |\n| 온라인 쇼핑 | 10% | 쿠팡, 11번가, G마켓, SSG.COM, 옥션, 티몬, 위메프, 마켓컬리, 무신사 | 5천원 | 1만원 |\n| 배달앱 | 10% | 배달의 민족, 요기요, 쿠팡이츠 | 5천원 | 1만원 |\n| 커피 | 10% | 스타벅스, 투썸플레이스, 커피빈, 폴바셋, 할리스, 이디야커피, 블루보틀 | 4천원 | 8천원 |\n| 편의점 | 10% | GS25, CU,세븐일레븐, 이마트24, 미니스톱 | 3천원 | 6천원 |\n| 이동통신 | 10% | SKT,KT,LGU\\+ 이동통신요금 |', '내에서는 신용카드를 계속 이용할 수 있는 결제방식 | 연5\\.5% \\~ 연18\\.9% |', '\\- 일시불 거래 연체시: 거래발생 시점의 최소 기간(2개월) 유이자 할부금리\\-무이자할부 거래 연체 시:거래 발생 시점의 동일한 할부 계약기간의 유이자 할부금리\\- 그외의 경우:정상이자율은 상법상 상사법정이율과 상호금융 가계자금대출금리\\*중높은 금리적용\\*한국은행에서 매월 발표하는 가장최근의 비은행 금융기관 가중평균대출금리(신규대출 기준)\n\n\n·카드 신청전 상품설명서와 약관을반드시 읽어 보시기바랍니다.\n\n\n·신용카드 발급이 부적정한경우(연체금보유, 신용점수 낮음등)카드발급이 제한될수\n===========================================\n\n\n있습니다.\n=====', ""8\\. 연계 . 제휴서비스(부가서비스)\n\n\n□ 본 신용카드 상품의 연계·제휴서비스(부가서비스) 상세내용 및 제공조건은 '상품별 설명서'의 내용을 참고해주시기 바랍니다.\n\n\n9\\. 연체이자율 및 연체에 따른 불이익\n\n\n□ 카드 이용대금 연체시 회원별, 이용상품별 정상이자율 \\+ 3%의 연체이자율이 적용됩니다. (법정 최고금리 연 20% 이내로 적용)\n\n\n□ 다만, 연체 발생 시점에 정상이자율이 없는 경우 정상이자율은 아래와같이 적용합니다."", '납부,포인트 소멸 및 환급처리 안내 등을 위해 상담 직원과 통화가 필요할 수있습니다.', '\\- 모든 가맹점은 BC카드 가맹점 등록 기준\\- 영역 별 통합 월 할인한도 및 1일 1회 할인은 매출전표 접수 순서 기준 적용\\- 매출 취소 시 매출취소전표 접수월의 이용금액에서 차감· 간편결제로 결제 시 승인 처리되는 가맹점번호 가 할인 대상점 전용이 아닌경우 할인 미적용\n\n\n연회비\n\n\n해외이용 안내\n=======\n\n\n국내전용(BC) / 국내외겸용(Mastercard)본인카드 10,000원 (기본연회비 0원 \\+ 제휴연회비 10,000원)가족카드 10,000원 (기본연회비 0원 \\+ 제휴연회비 10,000원)\n\n\n※ 국내전용과 국내외겸용 연회비 동일', '○ 관련 법령에 특별한 규정이 있거나 법령상 의무를 준수하기 위하여불가피한 경우○ 해당 금융소비자의 요구에 따르게 되면 금융거래 등 상거래관계의설정 및 유지 등이 곤란한 경우○ 금융소비자가 정정 또는 삭제 요청한 내용이 사실과 다른 경우○ 정당한 사유 없이 동일한 금융거래 등에 대해 3회 이상 반복적으로대응권을 행사하는 경우\n\n\n※ 고객의 이해여부 확인을 위한 질의\n\n\n□ 단기카드대출(현금서비스)이 금리인하 요구권의 대상임을 확인하셨습니가?\n\n\n□ 대상 □ 비대상']","['/workspace/rag-baseline/data-pdf-split/card/0_iM Social Worker카드/0005_0005.md', '/workspace/rag-baseline/data-pdf-split/card/0_iM Social Worker카드/0005_0005.md', '/workspace/rag-baseline/data-pdf-split/card/0_iM Social Worker카드/0005_0005.md', '/workspace/rag-baseline/data-pdf-split/card/0_iM Social Worker카드/0005_0005.md', '/workspace/rag-baseline/data-pdf-split/card/0_iM Social Worker카드/0001_0001.md', '/workspace/rag-baseline/data-pdf-split/card/0_iM Social Worker카드/0004_0004.md', '/workspace/rag-baseline/data-pdf-split/card/0_iM Social Worker카드/0001_0001.md', '/workspace/rag-baseline/data-pdf-split/card/0_iM Social Worker카드/0002_0002.md', '/workspace/rag-baseline/data-pdf-split/card/0_iM Social Worker카드/0005_0005.md', '/workspace/rag-baseline/data-pdf-split/card/0_iM Social Worker카드/0003_0003.md']","['0_iM Social Worker카드', '0_iM Social Worker카드', '0_iM Social Worker카드', '0_iM Social Worker카드', '0_iM Social Worker카드', '0_iM Social Worker카드', '0_iM Social Worker카드', '0_iM Social Worker카드', '0_iM Social Worker카드', '0_iM Social Worker카드']","[0, 0, 0, 0, 4, 1, 4, 3, 0, 2]"
해외에서 신용카드를 이용할 때 청구 금액을 알려줘.,"해외에서 신용카드를 이용할 때 청구 금액은 다음과 같이 계산됩니다:

1. 거래 미화 금액(USD 기준)을 계산합니다.
2. 해당 거래일의 BC카드 대외결제은행의 최초 고시 전신환매도율을 적용합니다.
3. 국제 브랜드 수수료(Mastercard 1%)를 계산합니다. 
4. BC카드에서 부과하는 해외 서비스 수수료(0.25%)를 계산합니다.

청구 금액은 다음과 같이 계산됩니다:

청구 금액 = (거래 미화 금액 X 전신환매도율) + 국제 브랜드 수수료 + 해외 서비스 수수료

해당 계산식에서 각 요소의 구체적인 값은 거래 시점의 환율과 BC카드의 정책에 따라 달라집니다. 

참고로, 해외 가맹점에서 원화로 거래할 경우(DCC) 추가 수수료가 부과될 수 있으므로 현지 통화 또는 미화로 결제하는 것이 좋습니다. BC카드에서는 해외원화결제(DCC) 차단 서비스를 신청할 수 있으니 필요하다면 신청하시","['□ 금리의 변동 여부\n\n\n○ 회원이 할부결제, 단기카드대출(현금서비스) 및 일부결제금액이월약정(리볼빙) 이용 시 이용개월, 이용실적 및 신용도 등에 따라 금리는변동 가능합니다.\n\n\n3\\. 수수료율\n========\n\n\n□ 해외서비스 수수료 : 신용카드 해외 이용 시(해외 사이트 거래 포함)부과하는 수수료\n\n\n○ 수수료율 : 0\\.25%\n\n\n\\- (거래금액 x 해외서비스 수수료율) x 전신환매도율\n\n\n□ 국제브랜드 수수료 : 마스터/비자 등 국제카드 브랜드사가 카드사에부과하는 수수료\n\n\n○ 수수료율 : MASTER 1\\.0%, VISA 1\\.1%, AME 1\\.4%\\- (거래금액 x 국제브랜드사 이용수수료율) x 전신환매도율', '내에서는 신용카드를 계속 이용할 수 있는 결제방식 | 연5\\.5% \\~ 연18\\.9% |', '□ 신용카드 이용대금을 연체할 경우, 원리금에 연체이자율이 적용되고 금융거래가 제약되며 신용점수 등이 하락하는 불이익이 발생할 수있다는 점을 확인하셨습니까?\n\n\n① 예 ② 아니오\n\n\n□ 연회비 부과기간이 끝나기 이전에 카드를 중도해지하는 경우, 남은 기간에 해당하는 연회비를 일할계산하여 반환해 드리나, 카드발급 및부가서비스 제공에 이미 지출된 비용은 반환금액에서 제외된다는 점을 확인하셨습니까?\n\n\n① 예 ② 아니오\n=========', '\\- 일시불 거래 연체시: 거래발생 시점의 최소 기간(2개월) 유이자 할부금리\\-무이자할부 거래 연체 시:거래 발생 시점의 동일한 할부 계약기간의 유이자 할부금리\\- 그외의 경우:정상이자율은 상법상 상사법정이율과 상호금융 가계자금대출금리\\*중높은 금리적용\\*한국은행에서 매월 발표하는 가장최근의 비은행 금융기관 가중평균대출금리(신규대출 기준)\n\n\n·카드 신청전 상품설명서와 약관을반드시 읽어 보시기바랍니다.\n\n\n·신용카드 발급이 부적정한경우(연체금보유, 신용점수 낮음등)카드발급이 제한될수\n===========================================\n\n\n있습니다.\n=====', '청구할인 서비스\n========', '편의점 10% 할인\n\n\n·\n\n\n\\+\n\n\n\\+\n\n\n대상 편의점 통합 1일 1회 할인 적용5천원 이상 결제 건에 한해 할인 적용오프라인 결제 건에 한하며, 백화점, 할인점, 쇼핑몰 등의임대매장은 제외\n\n\n이동통신 10% 할인\n\n\n\\+\n\n\n\\+ 서비스\n\n\n4\n\n\n월 1회 할인 적용대상카드로 자동납부하지 않은 이동통신요금 할인 적용 제외일부 알뜰폰/선불폰/ 결합상품(인터넷, TV,유선전화 등)요금 할인 적용 제외\n\n\n청구할인 서비스 제공 기준\n==============\n\n\n전월 이용금액 조건\n==========\n\n\n\\- 전월 이용금액 30만원 미만 시 청구할인 서비스 제공 제외', '· 신규 발급 시 카드 수령월 포함 다음 달 이용 건까지는 전월 이용금액 30만원미만 시에도 30만원 이상 60만원 미만 실적구간의 혜택 제공(전월 이용금액 60만원 이상 시에는 60만원 이상 실적구간 혜택 제공)\n\n\n전월 이용금액 산정 기준\n=============\n\n\n\\- 전월 1일 \\~ 말일까지 iM Social Worker 카드 국내외 일시불 및할부 이용금액(승인기준)\n\n\n가족카드 관련 안내\n==========\n\n\n전월 이용금액 합산 제외 대상\n================', ': (거래미화금액X해외서비스수수료율(0\\.25%))X 전신환매도율· 국제브랜드 수수료는 국제브랜드사 정책에 따라 변경될 수 있습니다.· 해외 가맹점에서 원화로 거래 시(DCC) 추가 수수료가 부과될 수 있으므로현지 통화 또는 미화로 거래하시기 바랍니다.해외원화결제(DCC)차단서비스 신청 방법BC카드사 홈페이지 → 카드서비스 → 결제/안심 → 해외원화결제(DCC)차단', ""해외 이용 시(해외사이트 거래 포함) 미화(USD)기준 거래미화금액에접수일의 BC카드 대외결제은행의 최초 고시 전신환매도율을 적용한 후,국제브랜드사가 부과하는 국제브랜드수수료(Mastercard 1%)와아이엠뱅크가 부과하는 해외서비스 수수료(0\\.25%)를 포함하여 원화로청구 됩니다.· 해외 이용 시 청구금액 산출 방법\\*해외 이용시 청구금액 \\= (거래미화금액 X 전신환매도율')\\+국제브랜드수수료2 \\+ 해외서비스수수료31\\. 전신환매도율 : 접수일의 BC카드 대외결제은행 최초 고시 전신환매도율2\\. 국제브랜드수수료 : (거래미화금액/국제브랜드수수료율(Mastercard) 1%))X 전신환매도율3\\. 해외서비스수수료 : (거래미화금액X해외서비스수수료율(0\\.25%))X"", ""8\\. 연계 . 제휴서비스(부가서비스)\n\n\n□ 본 신용카드 상품의 연계·제휴서비스(부가서비스) 상세내용 및 제공조건은 '상품별 설명서'의 내용을 참고해주시기 바랍니다.\n\n\n9\\. 연체이자율 및 연체에 따른 불이익\n\n\n□ 카드 이용대금 연체시 회원별, 이용상품별 정상이자율 \\+ 3%의 연체이자율이 적용됩니다. (법정 최고금리 연 20% 이내로 적용)\n\n\n□ 다만, 연체 발생 시점에 정상이자율이 없는 경우 정상이자율은 아래와같이 적용합니다.""]","['/workspace/rag-baseline/data-pdf-split/card/0_iM Social Worker카드/0001_0001.md', '/workspace/rag-baseline/data-pdf-split/card/0_iM Social Worker카드/0001_0001.md', '/workspace/rag-baseline/data-pdf-split/card/0_iM Social Worker카드/0003_0003.md', '/workspace/rag-baseline/data-pdf-split/card/0_iM Social Worker카드/0004_0004.md', '/workspace/rag-baseline/data-pdf-split/card/0_iM Social Worker카드/0005_0005.md', '/workspace/rag-baseline/data-pdf-split/card/0_iM Social Worker카드/0005_0005.md', '/workspace/rag-baseline/data-pdf-split/card/0_iM Social Worker카드/0005_0005.md', '/workspace/rag-baseline/data-pdf-split/card/0_iM Social Worker카드/0005_0005.md', '/workspace/rag-baseline/data-pdf-split/card/0_iM Social Worker카드/0005_0005.md', '/workspace/rag-baseline/data-pdf-split/card/0_iM Social Worker카드/0001_0001.md']","['0_iM Social Worker카드', '0_iM Social Worker카드', '0_iM Social Worker카드', '0_iM Social Worker카드', '0_iM Social Worker카드', '0_iM Social Worker카드', '0_iM Social Worker카드', '0_iM Social Worker카드', '0_iM Social Worker카드', '0_iM Social Worker카드']","[4, 4, 2, 1, 0, 0, 0, 0, 0, 4]"
