question,contexts,ground_truth,evolution_type,metadata,episode_done
What is the purpose of using a shared credit card in financial transactions?,"['2. 이용대금 상환방법, 금리(수수료) 및 변동 여부 5. 계약 해지 시 불이익\n□ 회원은 카드이용대금과 이에 수반되는 모든 수수료를 지정된 대금결제 □ 회원이 유효기간이 도래하기 전에 카드를 해지하는 경우 이미 납부한\n일에 자동이체결제방법또는 카드사가 정하는 방법(즉시결제, 가상계 연회비를 계약을 해지한 날부터 일할 계산(하루 단위로 계산)하여 그\n좌(대금결제를 위해 카드사가 회원별로 부여한 입금전용 계좌) 입금 등) 금액을 차감하여 반환하며, 카드사는 카드이용계약이 해지된 경우 그\n으로 결제하여야 하며, 대금결제일은 결제가능일 중에서 회원이 정하는 날까지의 채무 전액 변제를 요구할 수 있습니다.\n날로 지정할 수 있습니다.\n구 분 주요내용 금리(수수료율)\n6. 신용카드 이용의 제한\n일시불결제 신용카드 이용대금을 한번에 결제하는 방식 -\n연16% ~ □ 카드사는 회원 및 가맹점의 신용도, 법령 규정, 감독기관의 지시 등을\n할부결제 할부기간에 걸쳐 동일 금액을 분할하여 결제하는 방식\n연19% 고려하여 회원의 특정가맹점(국내 및 해외가맹점 포함)에 대한 카드이용\n또는 이용한도를 제한할 수 있습니다.\n은행이 미리 부여한 한도(신용카드 이용한도의 최대\n단기카드대출 연5.5% ~\n(현금서비스) 40%) 이내에서 이용할 수 있는 단기 금융서비스 연18.9% - 이용제한 가맹점\n※ 이용 후 최초로 도래하는 결제일에 상환의무 발생\n1. 카지노\n일부결제금액 신용카드 이용대금 중 일정금액 이상만 결제하면 잔여 2. 경마, 경정, 경륜장\n연5.5% ~\n이월약정 대금에 대한 상환이 자동으로 연장되고 잔여 이용한도 3. 복권방, 해외가상화폐거래소 등\n연18.9%\n(리볼빙) 내에서는 신용카드를 계속 이용할 수 있는 결제방식\n□ 금리의 변동 여부\nㅇ 회원이 할부결제, 단기카드대출(현금서비스) 및 일부결제금액이월 7. 신용점수에 미치는 영향\n약정(리볼빙) 이용 시 이용개월, 이용실적 및 신용도 등에 따라 금리는\n□ 필요 이상의 신용카드를 발급받을 경우 개인신용평점이나 이용한도에', '약정(리볼빙) 이용 시 이용개월, 이용실적 및 신용도 등에 따라 금리는\n□ 필요 이상의 신용카드를 발급받을 경우 개인신용평점이나 이용한도에\n변동 가능합니다.\n영향을 미칠 수 있습니다.\n□ 상환능력에 비해 신용카드 사용액이 과도한 경우 개인신용평점이 하락\n3. 수수료율\n할 수 있습니다.\n□ 해외서비스 수수료 : 신용카드 해외 이용 시(해외 사이트 거래 포함)\n□ 개인신용평점이 하락하는 경우 금융거래와 관련된 불이익이 발생할 수\n부과하는 수수료\n있으며, 불이익 발생가능성이 있는 금융거래 종류에는 신용카드거래\nㅇ 수수료율 : 0.25%\n[신용카드발급, 장기카드대출(카드론) ,단기카드대출(현금서비스), 일부\n- (거래금액 × 해외서비스 수수료율) × 전신환매도율\n결제금액이월약정(리볼빙)], 가계여신거래[신용대출, 담보대출 등] 등이\n□ 국제브랜드 수수료 : 마스터/비자 등 국제카드 브랜드사가 카드사에 있습니다.\n부과하는 수수료\n□ 평균적으로 연체율이 높은 금융권역, 형태의 신용공여는 일반적인 신용\nㅇ 수수료율 : MASTER 1.0%, VISA 1.1%, AME 1.4%\n공여보다 개인신용평점이 더 큰 폭으로 하락할 수 있습니다.\n- (거래금액 × 국제브랜드사 이용수수료율) × 전신환매도율\n□ 금융거래가 변제나 이에 준하는 방식으로 거래가 종료된 경우에도 일정\n기간 개인신용평점에 영향을 줄 수 있습니다.\n4. 연회비 및 연회비 반환\n□ 연회비 : 연회비는 카드사가 신용카드 발급, 이용대금명세서 발송 등\n관리비용을 충당하기 위하여 부과하는 기본연회비와 카드별로 제공하는\n8. 연계ㆍ제휴서비스(부가서비스)\n부가서비스 비용을 충당하기 위하여 부과하는 제휴연회비로 구성됩니다.\n□ 본 신용카드 상품의 연계·제휴서비스(부가서비스) 상세내용 및 제공\n구 분 청구단위 연회비\n조건은 ‘상품별 설명서’의 내용을 참고해주시기 바랍니다.\n기본연회비 회원별/카드별 신용카드 상품별로 상이\n제휴연회비 카드별 (해당 상품의 연회비는 설명서 내「상품별 설명서」참고)']",The answer to given question is not present in context,simple,"[{'source': '/workspace/rag-baseline/data/card/0_iM Social Worker카드.pdf', 'file_path': '/workspace/rag-baseline/data/card/0_iM Social Worker카드.pdf', 'page': 1, 'total_pages': 6, 'CreationDate': ""D:20240827155544+10'00'"", 'Creator': 'Adobe Illustrator 24.1 (Windows)', 'ModDate': ""D:20240828104209+09'00'"", 'Producer': 'Adobe PDF library 15.00', 'Title': '(240826) iM Social Worker카드-영업점', 'filename': '/workspace/rag-baseline/data/card/0_iM Social Worker카드.pdf'}, {'source': '/workspace/rag-baseline/data/card/0_iM Social Worker카드.pdf', 'file_path': '/workspace/rag-baseline/data/card/0_iM Social Worker카드.pdf', 'page': 1, 'total_pages': 6, 'CreationDate': ""D:20240827155544+10'00'"", 'Creator': 'Adobe Illustrator 24.1 (Windows)', 'ModDate': ""D:20240828104209+09'00'"", 'Producer': 'Adobe PDF library 15.00', 'Title': '(240826) iM Social Worker카드-영업점', 'filename': '/workspace/rag-baseline/data/card/0_iM Social Worker카드.pdf'}]",True
What is the purpose of the application of standardization in the context of data analysis?,"['10. 이용대금 결제일 전 이용대금 상환이 필요한 경우 12. 위법계약해지권\n□ 카드사가 아래와 같이 「금융소비자 보호에 관한 법률」(이하 “금융\nㅇ 기한의 이익이란?\n기한의 존재로 말미암아 당사자가 받는 이익을 말하며, 채무자인 회원은 당초 소비자보호법”)상 의무를 위반하여 계약을 체결한 경우, 고객은 해당\n지정한 이용대금 결제일까지는 신용카드 이용대금을 상환하지 않아도 되므로 계약을 해지할 수 있습니다.\n그 기간 동안 채무자인 회원이 가지는 이익을 기한의 이익이라 합니다. ㅇ 금융소비자보호법 제17조제3항을 위반하여 적합하지 아니하다고\nㅇ 기한의 이익이 상실되면? 인정되는 계약의 체결을 권유한 경우\n- 모든 이용대금을 즉시 상환 ㅇ 금융소비자보호법 제19조제1항 또는 제3항을 위반하여 설명의무를\n- 연체이자 부담 이행하지 아니한 경우\n- 일정기간 경과 후 신용도 판단정보 등록 등\nㅇ 금융소비자보호법 제20조제1항을 위반하여 불공정영업행위를 한\n경우\n□ 파산, 개인회생절차 개시의 신청이 있거나, 채무불이행자 명부 등재\n신청이 있는 경우 등(신용카드 개인회원 표준약관 제29조 등에서 정한 ㅇ 금융소비자보호법 제21조를 위반하여 부당권유행위를 한 경우\n사유) □ 위법계약 해지를 요구하기 위해서는 아래의 날 중 먼저 도달한 기간 내에\nㅇ 은행으로부터 별도 청구가 없더라도 모든 신용카드 이용대금을 대금 서면, 우편, 전자우편, 문자메시지 등으로 계약의 해지를 요구하여야\n결제일이 도래하기 전임에도 불구하고 즉시 상환하셔야 합니다. 하며, 이 경우에는 금융위원회가 고시하는 서식(계약해지요구서)에 위반\n사실을 입증하는 서류를 첨부하여 카드사에 제출하여야 합니다.\n(참고) 주요 기한의 이익 상실 사유\nㅇ 계약체결일로부터 5년 이내 또는 법 위반사실을 안 날로부터 1년 이내\n- 신용카드 거래와 관련하여 허위, 위변조 또는 고의로 부실자료를 제출하여\n카드사의 채권보전에 중대한 손실을 유발한 때 □ 은행은 해지를 요구받은 날부터 10일 이내에 고객에게 수락 여부를 통지', '카드사의 채권보전에 중대한 손실을 유발한 때 □ 은행은 해지를 요구받은 날부터 10일 이내에 고객에게 수락 여부를 통지\n- 신용카드 이용대금(단기카드대출(현금서비스) 포함) 또는 다른 금융기관에\n하며, 거절 시에는 그 사유를 함께 통지합니다.\n대한 채무를 연체한 경우\n- 할부금을 연속하여 2회 이상 연체하고, 그 연체한 금액이 총 할부금액의 1/10을\n초과하는 경우\n13. 민원 및 분쟁에 관한 사항\n- 다른 채무로 인하여 압류, 경매, 기타 강제 집행을 당한 경우 등\n□ 신용카드와 관련한 의문사항 또는 불편한 사항(민원)이 있을 경우, 당행\n인터넷 홈페이지(www.imbank.co.kr), 고객센터(1566-5050)로 문의\n하실 수 있습니다.\n11. 일부결제금액이월약정(리볼빙)의 위험성 및 예시\n□ 분쟁이 발생한 경우에는 금융감독원(국번없이 1332) 등에 도움을 요청\n□ 일부결제금액이월약정(리볼빙)을 이용하여 이월잔액이 발생하는 경우\n하실 수 있습니다.\n수수료가 발생하며, 신용도가 하락할 수 있습니다.\n□ 일부결제금액이월약정(리볼빙) 수수료 등 계산 사례\n14. 자료열람요구권\n(예시) 전월 일부결제금액이월약정(리볼빙) 이월잔액 : 50만원, 당월 신규이용금액\n□ 고객은 분쟁조정 또는 소송의 수행 등 권리구제를 위한 목적으로 은행이\n: 일시불 30만원, 약정결제비율 : 50%, 최소결제비율 : 10%, 일부결제금액이\n기록 및 유지ㆍ관리하는 다음의 자료에 대한 열람(사본 및 청취 포함)을\n월약정(리볼빙) 수수료율 : 17%, 일부결제금액이월약정(리볼빙) 이용경과\n일수 : 30일, 일부결제금액이월약정(리볼빙) 대상 외 금액 : 10만원 요구할 수 있습니다.\nㅇ 계약체결에 관한 자료,계약의 이행에 관한 자료,금융상품등의 관한\n구 분 계산방법 금액\n광고 자료, 고객의 권리 행사에 관한 자료, 내부통제기준의 제정 및\n(일부결제금액이월약정(리볼빙)\n운영 등에 관한 자료, 업무 위탁에 관한 자료\n의 최소청구원금과 5만원 중 큰 금\n8만원 + 6,986원 +']",The answer to given question is not present in context,simple,"[{'source': '/workspace/rag-baseline/data/card/0_iM Social Worker카드.pdf', 'file_path': '/workspace/rag-baseline/data/card/0_iM Social Worker카드.pdf', 'page': 2, 'total_pages': 6, 'CreationDate': ""D:20240827155544+10'00'"", 'Creator': 'Adobe Illustrator 24.1 (Windows)', 'ModDate': ""D:20240828104209+09'00'"", 'Producer': 'Adobe PDF library 15.00', 'Title': '(240826) iM Social Worker카드-영업점', 'filename': '/workspace/rag-baseline/data/card/0_iM Social Worker카드.pdf'}, {'source': '/workspace/rag-baseline/data/card/0_iM Social Worker카드.pdf', 'file_path': '/workspace/rag-baseline/data/card/0_iM Social Worker카드.pdf', 'page': 2, 'total_pages': 6, 'CreationDate': ""D:20240827155544+10'00'"", 'Creator': 'Adobe Illustrator 24.1 (Windows)', 'ModDate': ""D:20240828104209+09'00'"", 'Producer': 'Adobe PDF library 15.00', 'Title': '(240826) iM Social Worker카드-영업점', 'filename': '/workspace/rag-baseline/data/card/0_iM Social Worker카드.pdf'}]",True
What are the applications of synthetic fibers?,"['2. 이용대금 상환방법, 금리(수수료) 및 변동 여부 5. 계약 해지 시 불이익\n□ 회원은 카드이용대금과 이에 수반되는 모든 수수료를 지정된 대금결제 □ 회원이 유효기간이 도래하기 전에 카드를 해지하는 경우 이미 납부한\n일에 자동이체결제방법또는 카드사가 정하는 방법(즉시결제, 가상계 연회비를 계약을 해지한 날부터 일할 계산(하루 단위로 계산)하여 그\n좌(대금결제를 위해 카드사가 회원별로 부여한 입금전용 계좌) 입금 등) 금액을 차감하여 반환하며, 카드사는 카드이용계약이 해지된 경우 그\n으로 결제하여야 하며, 대금결제일은 결제가능일 중에서 회원이 정하는 날까지의 채무 전액 변제를 요구할 수 있습니다.\n날로 지정할 수 있습니다.\n구 분 주요내용 금리(수수료율)\n6. 신용카드 이용의 제한\n일시불결제 신용카드 이용대금을 한번에 결제하는 방식 -\n연16% ~ □ 카드사는 회원 및 가맹점의 신용도, 법령 규정, 감독기관의 지시 등을\n할부결제 할부기간에 걸쳐 동일 금액을 분할하여 결제하는 방식\n연19% 고려하여 회원의 특정가맹점(국내 및 해외가맹점 포함)에 대한 카드이용\n또는 이용한도를 제한할 수 있습니다.\n은행이 미리 부여한 한도(신용카드 이용한도의 최대\n단기카드대출 연5.5% ~\n(현금서비스) 40%) 이내에서 이용할 수 있는 단기 금융서비스 연18.9% - 이용제한 가맹점\n※ 이용 후 최초로 도래하는 결제일에 상환의무 발생\n1. 카지노\n일부결제금액 신용카드 이용대금 중 일정금액 이상만 결제하면 잔여 2. 경마, 경정, 경륜장\n연5.5% ~\n이월약정 대금에 대한 상환이 자동으로 연장되고 잔여 이용한도 3. 복권방, 해외가상화폐거래소 등\n연18.9%\n(리볼빙) 내에서는 신용카드를 계속 이용할 수 있는 결제방식\n□ 금리의 변동 여부\nㅇ 회원이 할부결제, 단기카드대출(현금서비스) 및 일부결제금액이월 7. 신용점수에 미치는 영향\n약정(리볼빙) 이용 시 이용개월, 이용실적 및 신용도 등에 따라 금리는\n□ 필요 이상의 신용카드를 발급받을 경우 개인신용평점이나 이용한도에']",The answer to given question is not present in context,simple,"[{'source': '/workspace/rag-baseline/data/card/0_iM Social Worker카드.pdf', 'file_path': '/workspace/rag-baseline/data/card/0_iM Social Worker카드.pdf', 'page': 1, 'total_pages': 6, 'CreationDate': ""D:20240827155544+10'00'"", 'Creator': 'Adobe Illustrator 24.1 (Windows)', 'ModDate': ""D:20240828104209+09'00'"", 'Producer': 'Adobe PDF library 15.00', 'Title': '(240826) iM Social Worker카드-영업점', 'filename': '/workspace/rag-baseline/data/card/0_iM Social Worker카드.pdf'}]",True
"What is the significance of the term 'annual fee' (연회비) in the context of financial management, and how is it commonly applied?","['준법감시인 심의필 제23-1524호(2023.12.19~2025.12.18)\n고 객 용\n앞 신용카드 설명서\n◈ 이 설명서는 「금융소비자 보호에 관한 법률」 제19조제1항, 동 법 시행령 제14조제1항에 따라 금융상품에 관한 중요한 사항을 금융\n소비자(이하 “고객”)가 이해하기 쉽도록 설명하기 위한 중요 서류로, 금융소비자 보호에 관한 법령 및 내부통제기준에 따른 절차를 거쳐\n제공됩니다.\n◈ 아래 설명내용을 제대로 이해하지 못한 상태에서 설명을 이해했다는 서명을 하거나 녹취기록을 남기시는 경우, 추후 해당내용과 관련한\n권리구제가 어려울 수 있습니다.\n- 고객님께서는 상품 가입 전 아래 사항을 반드시확인ㆍ숙지하여 주시기 바랍니다 -\n■ 유사 금융상품과 구별되는 특징\nㅇ 신용카드는 신용을 담보로 이를 소지한 회원이 신용카드 가맹점에서 상품 등을 현금의 즉시 지불없이 구입할 수 있는 금융상품입니다.\n반드시 회원이 발급을 신청하여야 신용카드가 발행됩니다.\nㅇ 신용카드는 본인의 신용한도 이내에서 이용할 수 있는 상품으로 구매 즉시 결제가 이루어지는 체크카드 및 직불카드와는 사용 가능가맹점\n등에서 차이가 있습니다.\n구 분 신용카드 체크카드 직불카드\n사용 가능가맹점 신용카드 가맹점 신용카드 가맹점 직불카드 가맹점\n발급기관 신용카드사 신용카드사 은행\n이용한도 신용한도 이내 예금잔액 이내 예금잔액 이내\n결제 선구매 후결제 구매 즉시 구매 즉시\n할부결제 이용 가능 불가능 불가능\n■ 민원 상담이 빈번하여 숙지가 필요한 사항\nㆍ\nQ1. 카드 뒷면에 서명을 꼭 해야 하나요?\n→ 회원은 발급된 카드를 받는 즉시 카드 뒷면에 서명을 하여야 합니다. 카드 뒷면에 서명을 하지 않고분실하는 경우, 부정사용된 금액에\n대해 책임을 질 수 있습니다.\nQ2. 카드 중도해지 시 연회비는 어떻게 반환받나요?\n→ 연회비는 카드발급 시점을 기준으로 원칙적으로 1년 단위로 청구됩니다. 연회비 부과기간이 끝나기 이전에 카드를 중도해지 하는', '→ 연회비는 카드발급 시점을 기준으로 원칙적으로 1년 단위로 청구됩니다. 연회비 부과기간이 끝나기 이전에 카드를 중도해지 하는\n경우 남은 기간에 해당하는 연회비를 계산하여 10영업일(불가피한 경우 3개월)이내에 반환하여 드립니다.다만, 카드발급 및 부가\n서비스 제공에 이미 지출된 비용은 제외됩니다.\nQ3. 일부결제금액이월약정(리볼빙) 이용 시 주의사항이 있나요?\n→ 리볼빙 서비스를 이용하여 이월잔액이 발생하는 경우 수수료가 부과되며, 신용도에 영향을 줄 수 있습니다.\n(예시) 지난 달 이월금액 50만원, 이번 달 30만원(일시불) 이용시 약정결제비율(50%), 수수료율(연 17%)로 가정했을 때 청구되는 금액은\n총 406,986원(① + ②)이며, 다음 달로 이월되는 잔액은 40만원(③)입니다.\n① 리볼빙 수수료 : 6,986원(전월 잔액(50만원) × 수수료율(17%) × 30일/365일)\n② 청구되는 원금 : 40만원([50만원(이월금액) + 30만원(당월 이용액)] × 50%\n③ 이월잔액 : 40만원(80만원(이월금액 + 당월 이용액) - 40만원(청구원금))\n■ 신용카드 이용대금 연체 시 발생하는 불이익\nQ. 신용카드 이용대금을 연체할 경우 어떤 불이익이 발생하나요?\n→ 신용카드 이용대금 연체 시에는 법에서 정하는 범위 내에서 원리금에 연체이자율이 적용되며, 금융거래가 제약되고 신용점수 등이\n하락할 수 있으니 유의하여 주시기 바랍니다.\n■ 민원을 제기하거나 상담을 요청하려는 경우 이용 가능한 연락처\nQ. 신용카드와 관련하여 궁금한 점이나 민원사항이 있는 경우 어디로 연락해야 하나요?\n→ 당행고객센터 또는카드사업부(1566-5050)를 통해 금융상품에 관한 문의가 가능하며, 분쟁 발생시에는 감독원(국번없이 1332)에\n도움을 요청하실 수 있습니다.\n1. 신용카드의 특성\n□ 신용카드는 회원의 신용을 담보로 신용카드 가맹점에서 상품 등을 □ 신용카드의 유효기간은 최대 5년이며, 카드 표면에 표시됩니다. 유효']","The term 'annual fee' (연회비) in the context of financial management signifies a recurring charge that is typically applied on a yearly basis for services or memberships. It is commonly applied in various financial products, such as credit cards, where cardholders are required to pay this fee annually to maintain their account and access the associated benefits.",simple,"[{'source': '/workspace/rag-baseline/data/card/0_iM Social Worker카드.pdf', 'file_path': '/workspace/rag-baseline/data/card/0_iM Social Worker카드.pdf', 'page': 0, 'total_pages': 6, 'CreationDate': ""D:20240827155544+10'00'"", 'Creator': 'Adobe Illustrator 24.1 (Windows)', 'ModDate': ""D:20240828104209+09'00'"", 'Producer': 'Adobe PDF library 15.00', 'Title': '(240826) iM Social Worker카드-영업점', 'filename': '/workspace/rag-baseline/data/card/0_iM Social Worker카드.pdf'}, {'source': '/workspace/rag-baseline/data/card/0_iM Social Worker카드.pdf', 'file_path': '/workspace/rag-baseline/data/card/0_iM Social Worker카드.pdf', 'page': 0, 'total_pages': 6, 'CreationDate': ""D:20240827155544+10'00'"", 'Creator': 'Adobe Illustrator 24.1 (Windows)', 'ModDate': ""D:20240828104209+09'00'"", 'Producer': 'Adobe PDF library 15.00', 'Title': '(240826) iM Social Worker카드-영업점', 'filename': '/workspace/rag-baseline/data/card/0_iM Social Worker카드.pdf'}]",True
"What properties of synthetic fibers affect their use in textiles, construction, and medicine?","['1. 신용카드의 특성\n□ 신용카드는 회원의 신용을 담보로 신용카드 가맹점에서 상품 등을 □ 신용카드의 유효기간은 최대 5년이며, 카드 표면에 표시됩니다. 유효\n현금의 즉시 지불 없이 구입할 수 있는 증표입니다. 반드시 회원이 발급을 기간이 도래한 신용카드에 대해서는 회원에 대한 심사를 거쳐 갱신발급\n신청해야 신용카드가 발행됩니다. 요건을 충족하는 회원에 대해 신용카드를 갱신발급하며, 요건을 충족\n하지 못한 경우 갱신발급이 제한될 수 있습니다.\n관리번호 : 7031_210×297mm_인쇄일자: 2024. 6', '2. 이용대금 상환방법, 금리(수수료) 및 변동 여부 5. 계약 해지 시 불이익\n□ 회원은 카드이용대금과 이에 수반되는 모든 수수료를 지정된 대금결제 □ 회원이 유효기간이 도래하기 전에 카드를 해지하는 경우 이미 납부한\n일에 자동이체결제방법또는 카드사가 정하는 방법(즉시결제, 가상계 연회비를 계약을 해지한 날부터 일할 계산(하루 단위로 계산)하여 그\n좌(대금결제를 위해 카드사가 회원별로 부여한 입금전용 계좌) 입금 등) 금액을 차감하여 반환하며, 카드사는 카드이용계약이 해지된 경우 그\n으로 결제하여야 하며, 대금결제일은 결제가능일 중에서 회원이 정하는 날까지의 채무 전액 변제를 요구할 수 있습니다.\n날로 지정할 수 있습니다.\n구 분 주요내용 금리(수수료율)\n6. 신용카드 이용의 제한\n일시불결제 신용카드 이용대금을 한번에 결제하는 방식 -\n연16% ~ □ 카드사는 회원 및 가맹점의 신용도, 법령 규정, 감독기관의 지시 등을\n할부결제 할부기간에 걸쳐 동일 금액을 분할하여 결제하는 방식\n연19% 고려하여 회원의 특정가맹점(국내 및 해외가맹점 포함)에 대한 카드이용\n또는 이용한도를 제한할 수 있습니다.\n은행이 미리 부여한 한도(신용카드 이용한도의 최대\n단기카드대출 연5.5% ~\n(현금서비스) 40%) 이내에서 이용할 수 있는 단기 금융서비스 연18.9% - 이용제한 가맹점\n※ 이용 후 최초로 도래하는 결제일에 상환의무 발생\n1. 카지노\n일부결제금액 신용카드 이용대금 중 일정금액 이상만 결제하면 잔여 2. 경마, 경정, 경륜장\n연5.5% ~\n이월약정 대금에 대한 상환이 자동으로 연장되고 잔여 이용한도 3. 복권방, 해외가상화폐거래소 등\n연18.9%\n(리볼빙) 내에서는 신용카드를 계속 이용할 수 있는 결제방식\n□ 금리의 변동 여부\nㅇ 회원이 할부결제, 단기카드대출(현금서비스) 및 일부결제금액이월 7. 신용점수에 미치는 영향\n약정(리볼빙) 이용 시 이용개월, 이용실적 및 신용도 등에 따라 금리는\n□ 필요 이상의 신용카드를 발급받을 경우 개인신용평점이나 이용한도에']","The properties of synthetic fibers that affect their use in textiles, construction, and medicine include their durability, resistance to moisture, and ability to be produced in various forms. These properties make synthetic fibers suitable for a wide range of applications, from clothing to structural materials and medical devices.",reasoning,"[{'source': '/workspace/rag-baseline/data/card/0_iM Social Worker카드.pdf', 'file_path': '/workspace/rag-baseline/data/card/0_iM Social Worker카드.pdf', 'page': 0, 'total_pages': 6, 'CreationDate': ""D:20240827155544+10'00'"", 'Creator': 'Adobe Illustrator 24.1 (Windows)', 'ModDate': ""D:20240828104209+09'00'"", 'Producer': 'Adobe PDF library 15.00', 'Title': '(240826) iM Social Worker카드-영업점', 'filename': '/workspace/rag-baseline/data/card/0_iM Social Worker카드.pdf'}, {'source': '/workspace/rag-baseline/data/card/0_iM Social Worker카드.pdf', 'file_path': '/workspace/rag-baseline/data/card/0_iM Social Worker카드.pdf', 'page': 1, 'total_pages': 6, 'CreationDate': ""D:20240827155544+10'00'"", 'Creator': 'Adobe Illustrator 24.1 (Windows)', 'ModDate': ""D:20240828104209+09'00'"", 'Producer': 'Adobe PDF library 15.00', 'Title': '(240826) iM Social Worker카드-영업점', 'filename': '/workspace/rag-baseline/data/card/0_iM Social Worker카드.pdf'}]",True
How does the usage card system relate to resource allocation strategies?,"['1. 신용카드의 특성\n□ 신용카드는 회원의 신용을 담보로 신용카드 가맹점에서 상품 등을 □ 신용카드의 유효기간은 최대 5년이며, 카드 표면에 표시됩니다. 유효\n현금의 즉시 지불 없이 구입할 수 있는 증표입니다. 반드시 회원이 발급을 기간이 도래한 신용카드에 대해서는 회원에 대한 심사를 거쳐 갱신발급\n신청해야 신용카드가 발행됩니다. 요건을 충족하는 회원에 대해 신용카드를 갱신발급하며, 요건을 충족\n하지 못한 경우 갱신발급이 제한될 수 있습니다.\n관리번호 : 7031_210×297mm_인쇄일자: 2024. 6', '2. 이용대금 상환방법, 금리(수수료) 및 변동 여부 5. 계약 해지 시 불이익\n□ 회원은 카드이용대금과 이에 수반되는 모든 수수료를 지정된 대금결제 □ 회원이 유효기간이 도래하기 전에 카드를 해지하는 경우 이미 납부한\n일에 자동이체결제방법또는 카드사가 정하는 방법(즉시결제, 가상계 연회비를 계약을 해지한 날부터 일할 계산(하루 단위로 계산)하여 그\n좌(대금결제를 위해 카드사가 회원별로 부여한 입금전용 계좌) 입금 등) 금액을 차감하여 반환하며, 카드사는 카드이용계약이 해지된 경우 그\n으로 결제하여야 하며, 대금결제일은 결제가능일 중에서 회원이 정하는 날까지의 채무 전액 변제를 요구할 수 있습니다.\n날로 지정할 수 있습니다.\n구 분 주요내용 금리(수수료율)\n6. 신용카드 이용의 제한\n일시불결제 신용카드 이용대금을 한번에 결제하는 방식 -\n연16% ~ □ 카드사는 회원 및 가맹점의 신용도, 법령 규정, 감독기관의 지시 등을\n할부결제 할부기간에 걸쳐 동일 금액을 분할하여 결제하는 방식\n연19% 고려하여 회원의 특정가맹점(국내 및 해외가맹점 포함)에 대한 카드이용\n또는 이용한도를 제한할 수 있습니다.\n은행이 미리 부여한 한도(신용카드 이용한도의 최대\n단기카드대출 연5.5% ~\n(현금서비스) 40%) 이내에서 이용할 수 있는 단기 금융서비스 연18.9% - 이용제한 가맹점\n※ 이용 후 최초로 도래하는 결제일에 상환의무 발생\n1. 카지노\n일부결제금액 신용카드 이용대금 중 일정금액 이상만 결제하면 잔여 2. 경마, 경정, 경륜장\n연5.5% ~\n이월약정 대금에 대한 상환이 자동으로 연장되고 잔여 이용한도 3. 복권방, 해외가상화폐거래소 등\n연18.9%\n(리볼빙) 내에서는 신용카드를 계속 이용할 수 있는 결제방식\n□ 금리의 변동 여부\nㅇ 회원이 할부결제, 단기카드대출(현금서비스) 및 일부결제금액이월 7. 신용점수에 미치는 영향\n약정(리볼빙) 이용 시 이용개월, 이용실적 및 신용도 등에 따라 금리는\n□ 필요 이상의 신용카드를 발급받을 경우 개인신용평점이나 이용한도에', '약정(리볼빙) 이용 시 이용개월, 이용실적 및 신용도 등에 따라 금리는\n□ 필요 이상의 신용카드를 발급받을 경우 개인신용평점이나 이용한도에\n변동 가능합니다.\n영향을 미칠 수 있습니다.\n□ 상환능력에 비해 신용카드 사용액이 과도한 경우 개인신용평점이 하락\n3. 수수료율\n할 수 있습니다.\n□ 해외서비스 수수료 : 신용카드 해외 이용 시(해외 사이트 거래 포함)\n□ 개인신용평점이 하락하는 경우 금융거래와 관련된 불이익이 발생할 수\n부과하는 수수료\n있으며, 불이익 발생가능성이 있는 금융거래 종류에는 신용카드거래\nㅇ 수수료율 : 0.25%\n[신용카드발급, 장기카드대출(카드론) ,단기카드대출(현금서비스), 일부\n- (거래금액 × 해외서비스 수수료율) × 전신환매도율\n결제금액이월약정(리볼빙)], 가계여신거래[신용대출, 담보대출 등] 등이\n□ 국제브랜드 수수료 : 마스터/비자 등 국제카드 브랜드사가 카드사에 있습니다.\n부과하는 수수료\n□ 평균적으로 연체율이 높은 금융권역, 형태의 신용공여는 일반적인 신용\nㅇ 수수료율 : MASTER 1.0%, VISA 1.1%, AME 1.4%\n공여보다 개인신용평점이 더 큰 폭으로 하락할 수 있습니다.\n- (거래금액 × 국제브랜드사 이용수수료율) × 전신환매도율\n□ 금융거래가 변제나 이에 준하는 방식으로 거래가 종료된 경우에도 일정\n기간 개인신용평점에 영향을 줄 수 있습니다.\n4. 연회비 및 연회비 반환\n□ 연회비 : 연회비는 카드사가 신용카드 발급, 이용대금명세서 발송 등\n관리비용을 충당하기 위하여 부과하는 기본연회비와 카드별로 제공하는\n8. 연계ㆍ제휴서비스(부가서비스)\n부가서비스 비용을 충당하기 위하여 부과하는 제휴연회비로 구성됩니다.\n□ 본 신용카드 상품의 연계·제휴서비스(부가서비스) 상세내용 및 제공\n구 분 청구단위 연회비\n조건은 ‘상품별 설명서’의 내용을 참고해주시기 바랍니다.\n기본연회비 회원별/카드별 신용카드 상품별로 상이\n제휴연회비 카드별 (해당 상품의 연회비는 설명서 내「상품별 설명서」참고)']",The answer to given question is not present in context,reasoning,"[{'source': '/workspace/rag-baseline/data/card/0_iM Social Worker카드.pdf', 'file_path': '/workspace/rag-baseline/data/card/0_iM Social Worker카드.pdf', 'page': 0, 'total_pages': 6, 'CreationDate': ""D:20240827155544+10'00'"", 'Creator': 'Adobe Illustrator 24.1 (Windows)', 'ModDate': ""D:20240828104209+09'00'"", 'Producer': 'Adobe PDF library 15.00', 'Title': '(240826) iM Social Worker카드-영업점', 'filename': '/workspace/rag-baseline/data/card/0_iM Social Worker카드.pdf'}, {'source': '/workspace/rag-baseline/data/card/0_iM Social Worker카드.pdf', 'file_path': '/workspace/rag-baseline/data/card/0_iM Social Worker카드.pdf', 'page': 1, 'total_pages': 6, 'CreationDate': ""D:20240827155544+10'00'"", 'Creator': 'Adobe Illustrator 24.1 (Windows)', 'ModDate': ""D:20240828104209+09'00'"", 'Producer': 'Adobe PDF library 15.00', 'Title': '(240826) iM Social Worker카드-영업점', 'filename': '/workspace/rag-baseline/data/card/0_iM Social Worker카드.pdf'}, {'source': '/workspace/rag-baseline/data/card/0_iM Social Worker카드.pdf', 'file_path': '/workspace/rag-baseline/data/card/0_iM Social Worker카드.pdf', 'page': 1, 'total_pages': 6, 'CreationDate': ""D:20240827155544+10'00'"", 'Creator': 'Adobe Illustrator 24.1 (Windows)', 'ModDate': ""D:20240828104209+09'00'"", 'Producer': 'Adobe PDF library 15.00', 'Title': '(240826) iM Social Worker카드-영업점', 'filename': '/workspace/rag-baseline/data/card/0_iM Social Worker카드.pdf'}]",True
How does performance management aid resource use and efficiency?,"['(예시) 연회비 2만원, 반환금액 산정 제외비용 1만원, 연회비 부과대상일수 금리(신규대출 기준)\n200일, 잔여일수 20일인 경우 반환되는 연회비\n□ 연체에 따른 불이익\n☞ 반환되는 연회비 = (2만원 – 1만원) × 20일/200일 = 1,000원\nㅇ 신용카드 이용대금을 연체하는 경우 신용도 하락, 연체이자 및 지연\n□ 연회비 반환기한 : 회원이 계약을 해지한 날부터 10영업일 이내에 연회비 배상금 발생, 카드이용 정지, 카드이용 한도감액, 카드이용 계약 해지\n반환금액을 반환하여 드립니다. 다만, 부가서비스 제공내역 확인에 등 불이익이 발생할 수 있습니다.\n시간이 소요되는 등 불가피한 사유로 계약을 해지한 날부터 10영업일\n이내에 연회비 반환금액을 반환하기 어려운 경우에는 계약을 해지한\n날부터 3개월 이내에 반환하여 드립니다.', '10. 이용대금 결제일 전 이용대금 상환이 필요한 경우 12. 위법계약해지권\n□ 카드사가 아래와 같이 「금융소비자 보호에 관한 법률」(이하 “금융\nㅇ 기한의 이익이란?\n기한의 존재로 말미암아 당사자가 받는 이익을 말하며, 채무자인 회원은 당초 소비자보호법”)상 의무를 위반하여 계약을 체결한 경우, 고객은 해당\n지정한 이용대금 결제일까지는 신용카드 이용대금을 상환하지 않아도 되므로 계약을 해지할 수 있습니다.\n그 기간 동안 채무자인 회원이 가지는 이익을 기한의 이익이라 합니다. ㅇ 금융소비자보호법 제17조제3항을 위반하여 적합하지 아니하다고\nㅇ 기한의 이익이 상실되면? 인정되는 계약의 체결을 권유한 경우\n- 모든 이용대금을 즉시 상환 ㅇ 금융소비자보호법 제19조제1항 또는 제3항을 위반하여 설명의무를\n- 연체이자 부담 이행하지 아니한 경우\n- 일정기간 경과 후 신용도 판단정보 등록 등\nㅇ 금융소비자보호법 제20조제1항을 위반하여 불공정영업행위를 한\n경우\n□ 파산, 개인회생절차 개시의 신청이 있거나, 채무불이행자 명부 등재\n신청이 있는 경우 등(신용카드 개인회원 표준약관 제29조 등에서 정한 ㅇ 금융소비자보호법 제21조를 위반하여 부당권유행위를 한 경우\n사유) □ 위법계약 해지를 요구하기 위해서는 아래의 날 중 먼저 도달한 기간 내에\nㅇ 은행으로부터 별도 청구가 없더라도 모든 신용카드 이용대금을 대금 서면, 우편, 전자우편, 문자메시지 등으로 계약의 해지를 요구하여야\n결제일이 도래하기 전임에도 불구하고 즉시 상환하셔야 합니다. 하며, 이 경우에는 금융위원회가 고시하는 서식(계약해지요구서)에 위반\n사실을 입증하는 서류를 첨부하여 카드사에 제출하여야 합니다.\n(참고) 주요 기한의 이익 상실 사유\nㅇ 계약체결일로부터 5년 이내 또는 법 위반사실을 안 날로부터 1년 이내\n- 신용카드 거래와 관련하여 허위, 위변조 또는 고의로 부실자료를 제출하여\n카드사의 채권보전에 중대한 손실을 유발한 때 □ 은행은 해지를 요구받은 날부터 10일 이내에 고객에게 수락 여부를 통지', '(예시) 연회비 2만원, 반환금액 산정 제외비용 1만원, 연회비 부과대상일수 금리(신규대출 기준)\n200일, 잔여일수 20일인 경우 반환되는 연회비\n□ 연체에 따른 불이익\n☞ 반환되는 연회비 = (2만원 – 1만원) × 20일/200일 = 1,000원\nㅇ 신용카드 이용대금을 연체하는 경우 신용도 하락, 연체이자 및 지연\n□ 연회비 반환기한 : 회원이 계약을 해지한 날부터 10영업일 이내에 연회비 배상금 발생, 카드이용 정지, 카드이용 한도감액, 카드이용 계약 해지\n반환금액을 반환하여 드립니다. 다만, 부가서비스 제공내역 확인에 등 불이익이 발생할 수 있습니다.\n시간이 소요되는 등 불가피한 사유로 계약을 해지한 날부터 10영업일\n이내에 연회비 반환금액을 반환하기 어려운 경우에는 계약을 해지한\n날부터 3개월 이내에 반환하여 드립니다.']",The answer to given question is not present in context,multi_context,"[{'source': '/workspace/rag-baseline/data/card/0_iM Social Worker카드.pdf', 'file_path': '/workspace/rag-baseline/data/card/0_iM Social Worker카드.pdf', 'page': 1, 'total_pages': 6, 'CreationDate': ""D:20240827155544+10'00'"", 'Creator': 'Adobe Illustrator 24.1 (Windows)', 'ModDate': ""D:20240828104209+09'00'"", 'Producer': 'Adobe PDF library 15.00', 'Title': '(240826) iM Social Worker카드-영업점', 'filename': '/workspace/rag-baseline/data/card/0_iM Social Worker카드.pdf'}, {'source': '/workspace/rag-baseline/data/card/0_iM Social Worker카드.pdf', 'file_path': '/workspace/rag-baseline/data/card/0_iM Social Worker카드.pdf', 'page': 2, 'total_pages': 6, 'CreationDate': ""D:20240827155544+10'00'"", 'Creator': 'Adobe Illustrator 24.1 (Windows)', 'ModDate': ""D:20240828104209+09'00'"", 'Producer': 'Adobe PDF library 15.00', 'Title': '(240826) iM Social Worker카드-영업점', 'filename': '/workspace/rag-baseline/data/card/0_iM Social Worker카드.pdf'}, {'source': '/workspace/rag-baseline/data/card/0_iM Social Worker카드.pdf', 'file_path': '/workspace/rag-baseline/data/card/0_iM Social Worker카드.pdf', 'page': 1, 'total_pages': 6, 'CreationDate': ""D:20240827155544+10'00'"", 'Creator': 'Adobe Illustrator 24.1 (Windows)', 'ModDate': ""D:20240828104209+09'00'"", 'Producer': 'Adobe PDF library 15.00', 'Title': '(240826) iM Social Worker카드-영업점', 'filename': '/workspace/rag-baseline/data/card/0_iM Social Worker카드.pdf'}]",True
"What drives the usage card system in transactions, especially for categorizing and managing fees?","['2. 이용대금 상환방법, 금리(수수료) 및 변동 여부 5. 계약 해지 시 불이익\n□ 회원은 카드이용대금과 이에 수반되는 모든 수수료를 지정된 대금결제 □ 회원이 유효기간이 도래하기 전에 카드를 해지하는 경우 이미 납부한\n일에 자동이체결제방법또는 카드사가 정하는 방법(즉시결제, 가상계 연회비를 계약을 해지한 날부터 일할 계산(하루 단위로 계산)하여 그\n좌(대금결제를 위해 카드사가 회원별로 부여한 입금전용 계좌) 입금 등) 금액을 차감하여 반환하며, 카드사는 카드이용계약이 해지된 경우 그\n으로 결제하여야 하며, 대금결제일은 결제가능일 중에서 회원이 정하는 날까지의 채무 전액 변제를 요구할 수 있습니다.\n날로 지정할 수 있습니다.\n구 분 주요내용 금리(수수료율)\n6. 신용카드 이용의 제한\n일시불결제 신용카드 이용대금을 한번에 결제하는 방식 -\n연16% ~ □ 카드사는 회원 및 가맹점의 신용도, 법령 규정, 감독기관의 지시 등을\n할부결제 할부기간에 걸쳐 동일 금액을 분할하여 결제하는 방식\n연19% 고려하여 회원의 특정가맹점(국내 및 해외가맹점 포함)에 대한 카드이용\n또는 이용한도를 제한할 수 있습니다.\n은행이 미리 부여한 한도(신용카드 이용한도의 최대\n단기카드대출 연5.5% ~\n(현금서비스) 40%) 이내에서 이용할 수 있는 단기 금융서비스 연18.9% - 이용제한 가맹점\n※ 이용 후 최초로 도래하는 결제일에 상환의무 발생\n1. 카지노\n일부결제금액 신용카드 이용대금 중 일정금액 이상만 결제하면 잔여 2. 경마, 경정, 경륜장\n연5.5% ~\n이월약정 대금에 대한 상환이 자동으로 연장되고 잔여 이용한도 3. 복권방, 해외가상화폐거래소 등\n연18.9%\n(리볼빙) 내에서는 신용카드를 계속 이용할 수 있는 결제방식\n□ 금리의 변동 여부\nㅇ 회원이 할부결제, 단기카드대출(현금서비스) 및 일부결제금액이월 7. 신용점수에 미치는 영향\n약정(리볼빙) 이용 시 이용개월, 이용실적 및 신용도 등에 따라 금리는\n□ 필요 이상의 신용카드를 발급받을 경우 개인신용평점이나 이용한도에', '2. 이용대금 상환방법, 금리(수수료) 및 변동 여부 5. 계약 해지 시 불이익\n□ 회원은 카드이용대금과 이에 수반되는 모든 수수료를 지정된 대금결제 □ 회원이 유효기간이 도래하기 전에 카드를 해지하는 경우 이미 납부한\n일에 자동이체결제방법또는 카드사가 정하는 방법(즉시결제, 가상계 연회비를 계약을 해지한 날부터 일할 계산(하루 단위로 계산)하여 그\n좌(대금결제를 위해 카드사가 회원별로 부여한 입금전용 계좌) 입금 등) 금액을 차감하여 반환하며, 카드사는 카드이용계약이 해지된 경우 그\n으로 결제하여야 하며, 대금결제일은 결제가능일 중에서 회원이 정하는 날까지의 채무 전액 변제를 요구할 수 있습니다.\n날로 지정할 수 있습니다.\n구 분 주요내용 금리(수수료율)\n6. 신용카드 이용의 제한\n일시불결제 신용카드 이용대금을 한번에 결제하는 방식 -\n연16% ~ □ 카드사는 회원 및 가맹점의 신용도, 법령 규정, 감독기관의 지시 등을\n할부결제 할부기간에 걸쳐 동일 금액을 분할하여 결제하는 방식\n연19% 고려하여 회원의 특정가맹점(국내 및 해외가맹점 포함)에 대한 카드이용\n또는 이용한도를 제한할 수 있습니다.\n은행이 미리 부여한 한도(신용카드 이용한도의 최대\n단기카드대출 연5.5% ~\n(현금서비스) 40%) 이내에서 이용할 수 있는 단기 금융서비스 연18.9% - 이용제한 가맹점\n※ 이용 후 최초로 도래하는 결제일에 상환의무 발생\n1. 카지노\n일부결제금액 신용카드 이용대금 중 일정금액 이상만 결제하면 잔여 2. 경마, 경정, 경륜장\n연5.5% ~\n이월약정 대금에 대한 상환이 자동으로 연장되고 잔여 이용한도 3. 복권방, 해외가상화폐거래소 등\n연18.9%\n(리볼빙) 내에서는 신용카드를 계속 이용할 수 있는 결제방식\n□ 금리의 변동 여부\nㅇ 회원이 할부결제, 단기카드대출(현금서비스) 및 일부결제금액이월 7. 신용점수에 미치는 영향\n약정(리볼빙) 이용 시 이용개월, 이용실적 및 신용도 등에 따라 금리는\n□ 필요 이상의 신용카드를 발급받을 경우 개인신용평점이나 이용한도에']","The context does not provide specific information about what drives the usage card system in transactions, especially for categorizing and managing fees.",multi_context,"[{'source': '/workspace/rag-baseline/data/card/0_iM Social Worker카드.pdf', 'file_path': '/workspace/rag-baseline/data/card/0_iM Social Worker카드.pdf', 'page': 1, 'total_pages': 6, 'CreationDate': ""D:20240827155544+10'00'"", 'Creator': 'Adobe Illustrator 24.1 (Windows)', 'ModDate': ""D:20240828104209+09'00'"", 'Producer': 'Adobe PDF library 15.00', 'Title': '(240826) iM Social Worker카드-영업점', 'filename': '/workspace/rag-baseline/data/card/0_iM Social Worker카드.pdf'}, {'source': '/workspace/rag-baseline/data/card/0_iM Social Worker카드.pdf', 'file_path': '/workspace/rag-baseline/data/card/0_iM Social Worker카드.pdf', 'page': 1, 'total_pages': 6, 'CreationDate': ""D:20240827155544+10'00'"", 'Creator': 'Adobe Illustrator 24.1 (Windows)', 'ModDate': ""D:20240828104209+09'00'"", 'Producer': 'Adobe PDF library 15.00', 'Title': '(240826) iM Social Worker카드-영업점', 'filename': '/workspace/rag-baseline/data/card/0_iM Social Worker카드.pdf'}]",True
How does '\uc2e0\uc6a9\uc815\ubcf4' affect assessments for low credit scores?,"['볼빙) 이월 잔액 + 당월 일부결제 (50만원 + 30만원) 관리 > BC카드 카드정보 > 카드해지\n리볼빙 약정청구원금\n금액이월약정(리볼빙) 신규이용 × 50% = 40만원\nㅇ [고객센터] : 1566-5050(대표번호) > ARS 5번 신용카드 업무 > ARS\n금액) × 약정결제비율\n6번 사용등록 및 발급 신청, 해지 > ARS 3번 신용카드 해지\n※ 당월에 결제해야할 금액은 약정결제금액(506,986원)이나, 최소결제금액(186,986원)만 결 ☞ 고객센터를 통한 신용카드 해지 신청은 9시~18시까지 가능\n제하면 연체로 처리되지 않고, 잔여결제금액(32만원)은 다음 달로 자동 이월되어 일부결제\n금액이월약정(리볼빙) 수수료가 부과됩니다.\n□ 해지 처리: 신용카드 해지로 인해 탈회가 되는 경우에는 결제대금 납부,\n포인트 소멸 및 환급처리 안내 등을 위해 상담 직원과 통화가 필요할 수\n□ 일부결제금액이월약정(리볼빙)에 대한 상세한 내용은 일부결제금액\n있습니다.\n이월약정(리볼빙) 약정체결 시 제공하는 안내문을 참고하시기 바랍\n(고객센터 1566-5050 > ARS 0번 ) > ARS 3번 상담원 연결)\n니다.\n관리번호 : 7031_210×297mm_인쇄일자: 2024. 6', '16.개인신용평가대응권(개인회원에 관련된 설명)\n□ 개인신용평가대응권이란 개인인 금융소비자가 *자동화평가*에 따른 □ 은행은 다음 어느 하나에 해당하는 경우에는 금융소비자의 요구를 거절\n개인신용평가 결과 및 주요기준 등의 설명 과 자동화평가 결과의 할 수 있으며, 기초정보가 정정ㆍ삭제되었더라도 신용상태의 개선이\n경미한 경우, 재평가결과는 기존과 동일할 수 있습니다.\n산출에 유리하다고 판단되는 정보를 제출 또는 기초정보의 정정ㆍ삭제\nㅇ 자동화평가가 아닌 방식으로 개인의 신용을 평가하는 경우\nㆍ재산출을 요구 할 수 있는 권리(신용정보의 이용 및 보호에 관한 법률\n제36조의 2)를 말합니다. ㅇ 관련 법령에 특별한 규정이 있거나 법령상 의무를 준수하기 위하여\n불가피한 경우\n※ 자동화평가란?금융회사 임직원이 평가 업무에 관여하지 아니하고\nㅇ 해당 금융소비자의 요구에 따르게 되면 금융거래 등 상거래관계의\n컴퓨터 등 정보처리장치로만개인신용정보 및 그 밖의 정보를 처리\n설정 및 유지 등이 곤란한 경우\n하여 개인인 금융소비자를 평가하는 행위\nㅇ 금융소비자가 정정 또는 삭제 요청한 내용이 사실과 다른 경우\n□ 금융소비자는 신용정보의 이용 및 보호에 관한 법률 제36조의 2에 따라\nㅇ 정당한 사유 없이 동일한 금융거래 등에 대해 3회 이상 반복적으로\n자동화 평가의 결과, 자동화 평가의 주요 기준, 자동화 평가의 평가에\n대응권을 행사하는 경우\n이용된 기초정보 등에 대해 서면, 전자우편, 인터넷 홈페이지, 앱 등을\n통해설명하여 줄 것을 은행에 요구할 수 있습니다.\n※ 고객의 이해여부 확인을 위한 질의\n□ 단기카드대출(현금서비스)이 금리인하 요구권의 대상임을 확인하셨습니가?\n□ 대상 □ 비대상\nㅇ 채무자인 고객은「여신전문금융업법」제 50조의 13(금리인하 요구)에서 정하는 바에 따라 본인의 신용상태가 개선되었다고 판단되는 경우\n(예 : 취업, 승진, 재산증가, 개인신용평점 상승) 은행에 금리인하를 요구할 수 있습니다.']",The context does not provide information on how '신용정보' affects assessments for low credit scores.,conditional,"[{'source': '/workspace/rag-baseline/data/card/0_iM Social Worker카드.pdf', 'file_path': '/workspace/rag-baseline/data/card/0_iM Social Worker카드.pdf', 'page': 2, 'total_pages': 6, 'CreationDate': ""D:20240827155544+10'00'"", 'Creator': 'Adobe Illustrator 24.1 (Windows)', 'ModDate': ""D:20240828104209+09'00'"", 'Producer': 'Adobe PDF library 15.00', 'Title': '(240826) iM Social Worker카드-영업점', 'filename': '/workspace/rag-baseline/data/card/0_iM Social Worker카드.pdf'}, {'source': '/workspace/rag-baseline/data/card/0_iM Social Worker카드.pdf', 'file_path': '/workspace/rag-baseline/data/card/0_iM Social Worker카드.pdf', 'page': 3, 'total_pages': 6, 'CreationDate': ""D:20240827155544+10'00'"", 'Creator': 'Adobe Illustrator 24.1 (Windows)', 'ModDate': ""D:20240828104209+09'00'"", 'Producer': 'Adobe PDF library 15.00', 'Title': '(240826) iM Social Worker카드-영업점', 'filename': '/workspace/rag-baseline/data/card/0_iM Social Worker카드.pdf'}]",True
How does a usage card affect transactions for a specific account type?,"['준법감시인 심의필 제23-1524호(2023.12.19~2025.12.18)\n고 객 용\n앞 신용카드 설명서\n◈ 이 설명서는 「금융소비자 보호에 관한 법률」 제19조제1항, 동 법 시행령 제14조제1항에 따라 금융상품에 관한 중요한 사항을 금융\n소비자(이하 “고객”)가 이해하기 쉽도록 설명하기 위한 중요 서류로, 금융소비자 보호에 관한 법령 및 내부통제기준에 따른 절차를 거쳐\n제공됩니다.\n◈ 아래 설명내용을 제대로 이해하지 못한 상태에서 설명을 이해했다는 서명을 하거나 녹취기록을 남기시는 경우, 추후 해당내용과 관련한\n권리구제가 어려울 수 있습니다.\n- 고객님께서는 상품 가입 전 아래 사항을 반드시확인ㆍ숙지하여 주시기 바랍니다 -\n■ 유사 금융상품과 구별되는 특징\nㅇ 신용카드는 신용을 담보로 이를 소지한 회원이 신용카드 가맹점에서 상품 등을 현금의 즉시 지불없이 구입할 수 있는 금융상품입니다.\n반드시 회원이 발급을 신청하여야 신용카드가 발행됩니다.\nㅇ 신용카드는 본인의 신용한도 이내에서 이용할 수 있는 상품으로 구매 즉시 결제가 이루어지는 체크카드 및 직불카드와는 사용 가능가맹점\n등에서 차이가 있습니다.\n구 분 신용카드 체크카드 직불카드\n사용 가능가맹점 신용카드 가맹점 신용카드 가맹점 직불카드 가맹점\n발급기관 신용카드사 신용카드사 은행\n이용한도 신용한도 이내 예금잔액 이내 예금잔액 이내\n결제 선구매 후결제 구매 즉시 구매 즉시\n할부결제 이용 가능 불가능 불가능\n■ 민원 상담이 빈번하여 숙지가 필요한 사항\nㆍ\nQ1. 카드 뒷면에 서명을 꼭 해야 하나요?\n→ 회원은 발급된 카드를 받는 즉시 카드 뒷면에 서명을 하여야 합니다. 카드 뒷면에 서명을 하지 않고분실하는 경우, 부정사용된 금액에\n대해 책임을 질 수 있습니다.\nQ2. 카드 중도해지 시 연회비는 어떻게 반환받나요?\n→ 연회비는 카드발급 시점을 기준으로 원칙적으로 1년 단위로 청구됩니다. 연회비 부과기간이 끝나기 이전에 카드를 중도해지 하는', '→ 연회비는 카드발급 시점을 기준으로 원칙적으로 1년 단위로 청구됩니다. 연회비 부과기간이 끝나기 이전에 카드를 중도해지 하는\n경우 남은 기간에 해당하는 연회비를 계산하여 10영업일(불가피한 경우 3개월)이내에 반환하여 드립니다.다만, 카드발급 및 부가\n서비스 제공에 이미 지출된 비용은 제외됩니다.\nQ3. 일부결제금액이월약정(리볼빙) 이용 시 주의사항이 있나요?\n→ 리볼빙 서비스를 이용하여 이월잔액이 발생하는 경우 수수료가 부과되며, 신용도에 영향을 줄 수 있습니다.\n(예시) 지난 달 이월금액 50만원, 이번 달 30만원(일시불) 이용시 약정결제비율(50%), 수수료율(연 17%)로 가정했을 때 청구되는 금액은\n총 406,986원(① + ②)이며, 다음 달로 이월되는 잔액은 40만원(③)입니다.\n① 리볼빙 수수료 : 6,986원(전월 잔액(50만원) × 수수료율(17%) × 30일/365일)\n② 청구되는 원금 : 40만원([50만원(이월금액) + 30만원(당월 이용액)] × 50%\n③ 이월잔액 : 40만원(80만원(이월금액 + 당월 이용액) - 40만원(청구원금))\n■ 신용카드 이용대금 연체 시 발생하는 불이익\nQ. 신용카드 이용대금을 연체할 경우 어떤 불이익이 발생하나요?\n→ 신용카드 이용대금 연체 시에는 법에서 정하는 범위 내에서 원리금에 연체이자율이 적용되며, 금융거래가 제약되고 신용점수 등이\n하락할 수 있으니 유의하여 주시기 바랍니다.\n■ 민원을 제기하거나 상담을 요청하려는 경우 이용 가능한 연락처\nQ. 신용카드와 관련하여 궁금한 점이나 민원사항이 있는 경우 어디로 연락해야 하나요?\n→ 당행고객센터 또는카드사업부(1566-5050)를 통해 금융상품에 관한 문의가 가능하며, 분쟁 발생시에는 감독원(국번없이 1332)에\n도움을 요청하실 수 있습니다.\n1. 신용카드의 특성\n□ 신용카드는 회원의 신용을 담보로 신용카드 가맹점에서 상품 등을 □ 신용카드의 유효기간은 최대 5년이며, 카드 표면에 표시됩니다. 유효']","The usage card affects transactions for a specific account type by allowing the account holder to manage their spending and track their usage effectively. It provides a way to monitor transactions and ensure that spending stays within set limits, which can help in budgeting and financial planning.",conditional,"[{'source': '/workspace/rag-baseline/data/card/0_iM Social Worker카드.pdf', 'file_path': '/workspace/rag-baseline/data/card/0_iM Social Worker카드.pdf', 'page': 0, 'total_pages': 6, 'CreationDate': ""D:20240827155544+10'00'"", 'Creator': 'Adobe Illustrator 24.1 (Windows)', 'ModDate': ""D:20240828104209+09'00'"", 'Producer': 'Adobe PDF library 15.00', 'Title': '(240826) iM Social Worker카드-영업점', 'filename': '/workspace/rag-baseline/data/card/0_iM Social Worker카드.pdf'}, {'source': '/workspace/rag-baseline/data/card/0_iM Social Worker카드.pdf', 'file_path': '/workspace/rag-baseline/data/card/0_iM Social Worker카드.pdf', 'page': 0, 'total_pages': 6, 'CreationDate': ""D:20240827155544+10'00'"", 'Creator': 'Adobe Illustrator 24.1 (Windows)', 'ModDate': ""D:20240828104209+09'00'"", 'Producer': 'Adobe PDF library 15.00', 'Title': '(240826) iM Social Worker카드-영업점', 'filename': '/workspace/rag-baseline/data/card/0_iM Social Worker카드.pdf'}]",True
